UNIQUEID,MUTATION,CATALOGUE_NAME,CATALOGUE_VERSION,PREDICTION_VALUES,DRUG,GENE,PREDICTION,EVIDENCE,GENE_MUTATION
site.ENA.subj.SAMN01908871.lab.1.iso.1,D435Y,WHO-UCN-GTB-PCI-2023.5,2.0,RFUS,RIF,rpoB,R,"{'Observed_samples': {'Present_SOLO_SR': 251, 'Present_SOLO_R': 178, 'Present_SOLO_S': 73}, 'Additional grading criteria applied': None, 'FINAL CONFIDENCE GRADING': '1) Assoc w R', 'INITIAL CONFIDENCE GRADING': '1) Assoc w R', 'WHO HGVS': 'rpoB_p.Asp435Tyr'}",rpoB_D435Y
site.03.subj.8459-00_LIB7927.lab.8459-00_LIB7927.iso.1,S450L,WHO-UCN-GTB-PCI-2023.5,2.0,RFUS,RIF,rpoB,R,"{'Observed_samples': {'Present_SOLO_SR': 8912, 'Present_SOLO_R': 8722, 'Present_SOLO_S': 190}, 'Additional grading criteria applied': None, 'FINAL CONFIDENCE GRADING': '1) Assoc w R', 'INITIAL CONFIDENCE GRADING': '1) Assoc w R', 'WHO HGVS': 'rpoB_p.Ser450Leu'}",rpoB_S450L
site.03.subj.7678-01_LIB11856.lab.7678-01_LIB11856.iso.1,S450L,WHO-UCN-GTB-PCI-2023.5,2.0,RFUS,RIF,rpoB,R,"{'Observed_samples': {'Present_SOLO_SR': 8912, 'Present_SOLO_R': 8722, 'Present_SOLO_S': 190}, 'Additional grading criteria applied': None, 'FINAL CONFIDENCE GRADING': '1) Assoc w R', 'INITIAL CONFIDENCE GRADING': '1) Assoc w R', 'WHO HGVS': 'rpoB_p.Ser450Leu'}",rpoB_S450L
site.10.subj.NG00204540.lab.NG00204540.iso.1,L430P,WHO-UCN-GTB-PCI-2023.5,2.0,RFUS,RIF,rpoB,R,"{'Observed_samples': {'Present_SOLO_SR': 208, 'Present_SOLO_R': 53, 'Present_SOLO_S': 155}, 'Additional grading criteria applied': 'Borderline', 'FINAL CONFIDENCE GRADING': '1) Assoc w R', 'INITIAL CONFIDENCE GRADING': '3) Uncertain significance', 'WHO HGVS': 'rpoB_p.Leu430Pro'}",rpoB_L430P
site.04.subj.03267.lab.824801.iso.1,S450L,WHO-UCN-GTB-PCI-2023.5,2.0,RFUS,RIF,rpoB,R,"{'Observed_samples': {'Present_SOLO_SR': 8912, 'Present_SOLO_R': 8722, 'Present_SOLO_S': 190}, 'Additional grading criteria applied': None, 'FINAL CONFIDENCE GRADING': '1) Assoc w R', 'INITIAL CONFIDENCE GRADING': '1) Assoc w R', 'WHO HGVS': 'rpoB_p.Ser450Leu'}",rpoB_S450L
site.00.subj.1473471.lab.H140800280.iso.1,S450L,WHO-UCN-GTB-PCI-2023.5,2.0,RFUS,RIF,rpoB,R,"{'Observed_samples': {'Present_SOLO_SR': 8912, 'Present_SOLO_R': 8722, 'Present_SOLO_S': 190}, 'Additional grading criteria applied': None, 'FINAL CONFIDENCE GRADING': '1) Assoc w R', 'INITIAL CONFIDENCE GRADING': '1) Assoc w R', 'WHO HGVS': 'rpoB_p.Ser450Leu'}",rpoB_S450L
site.04.subj.03651.lab.913230.iso.1,S450L,WHO-UCN-GTB-PCI-2023.5,2.0,RFUS,RIF,rpoB,R,"{'Observed_samples': {'Present_SOLO_SR': 8912, 'Present_SOLO_R': 8722, 'Present_SOLO_S': 190}, 'Additional grading criteria applied': None, 'FINAL CONFIDENCE GRADING': '1) Assoc w R', 'INITIAL CONFIDENCE GRADING': '1) Assoc w R', 'WHO HGVS': 'rpoB_p.Ser450Leu'}",rpoB_S450L
site.03.subj.T7615.lab.IML00128.iso.1,H445L,WHO-UCN-GTB-PCI-2023.5,2.0,RFUS,RIF,rpoB,R,"{'Observed_samples': {'Present_SOLO_SR': 210, 'Present_SOLO_R': 192, 'Present_SOLO_S': 18}, 'Additional grading criteria applied': None, 'FINAL CONFIDENCE GRADING': '1) Assoc w R', 'INITIAL CONFIDENCE GRADING': '1) Assoc w R', 'WHO HGVS': 'rpoB_p.His445Leu'}",rpoB_H445L
site.06.subj.D130116.lab.06MIL1353.iso.1,S450L,WHO-UCN-GTB-PCI-2023.5,2.0,RFUS,RIF,rpoB,R,"{'Observed_samples': {'Present_SOLO_SR': 8912, 'Present_SOLO_R': 8722, 'Present_SOLO_S': 190}, 'Additional grading criteria applied': None, 'FINAL CONFIDENCE GRADING': '1) Assoc w R', 'INITIAL CONFIDENCE GRADING': '1) Assoc w R', 'WHO HGVS': 'rpoB_p.Ser450Leu'}",rpoB_S450L
site.06.subj.SGD_0189-15.lab.06MIL0061.iso.1,H445N,WHO-UCN-GTB-PCI-2023.5,2.0,RFUS,RIF,rpoB,R,"{'Observed_samples': {'Present_SOLO_SR': 104, 'Present_SOLO_R': 35, 'Present_SOLO_S': 69}, 'Additional grading criteria applied': 'Borderline', 'FINAL CONFIDENCE GRADING': '1) Assoc w R', 'INITIAL CONFIDENCE GRADING': '3) Uncertain significance', 'WHO HGVS': 'rpoB_p.His445Asn'}",rpoB_H445N
site.10.subj.YA00106009.lab.YA00106009.iso.1,H445L,WHO-UCN-GTB-PCI-2023.5,2.0,RFUS,RIF,rpoB,R,"{'Observed_samples': {'Present_SOLO_SR': 210, 'Present_SOLO_R': 192, 'Present_SOLO_S': 18}, 'Additional grading criteria applied': None, 'FINAL CONFIDENCE GRADING': '1) Assoc w R', 'INITIAL CONFIDENCE GRADING': '1) Assoc w R', 'WHO HGVS': 'rpoB_p.His445Leu'}",rpoB_H445L
site.04.subj.03682.lab.902616.iso.1,Q432L,WHO-UCN-GTB-PCI-2023.5,2.0,RFUS,RIF,rpoB,R,"{'Observed_samples': {'Present_SOLO_SR': 17, 'Present_SOLO_R': 16, 'Present_SOLO_S': 1}, 'Additional grading criteria applied': None, 'FINAL CONFIDENCE GRADING': '1) Assoc w R', 'INITIAL CONFIDENCE GRADING': '1) Assoc w R', 'WHO HGVS': 'rpoB_p.Gln432Leu'}",rpoB_Q432L
site.10.subj.YA00076013.lab.YA00076013.iso.1,S450L,WHO-UCN-GTB-PCI-2023.5,2.0,RFUS,RIF,rpoB,R,"{'Observed_samples': {'Present_SOLO_SR': 8912, 'Present_SOLO_R': 8722, 'Present_SOLO_S': 190}, 'Additional grading criteria applied': None, 'FINAL CONFIDENCE GRADING': '1) Assoc w R', 'INITIAL CONFIDENCE GRADING': '1) Assoc w R', 'WHO HGVS': 'rpoB_p.Ser450Leu'}",rpoB_S450L
site.08.subj.02TB1854.lab.21854.iso.1,H445C,WHO-UCN-GTB-PCI-2023.5,2.0,RFUS,RIF,rpoB,R,"{'Observed_samples': {'Present_SOLO_SR': 71, 'Present_SOLO_R': 65, 'Present_SOLO_S': 6}, 'Additional grading criteria applied': None, 'FINAL CONFIDENCE GRADING': '1) Assoc w R', 'INITIAL CONFIDENCE GRADING': '1) Assoc w R', 'WHO HGVS': 'rpoB_p.His445Cys'}",rpoB_H445C
site.07.subj.27B95641-BA64-42E0-AE4E-DBD2DD746E2E.lab.27B95641-BA64-42E0-AE4E-DBD2DD746E2E.iso.1,H445Y,WHO-UCN-GTB-PCI-2023.5,2.0,RFUS,RIF,rpoB,R,"{'Observed_samples': {'Present_SOLO_SR': 484, 'Present_SOLO_R': 477, 'Present_SOLO_S': 7}, 'Additional grading criteria applied': None, 'FINAL CONFIDENCE GRADING': '1) Assoc w R', 'INITIAL CONFIDENCE GRADING': '1) Assoc w R', 'WHO HGVS': 'rpoB_p.His445Tyr'}",rpoB_H445Y
site.ENA.subj.SAMEA1016111.lab.1.iso.1,S450L,WHO-UCN-GTB-PCI-2023.5,2.0,RFUS,RIF,rpoB,R,"{'Observed_samples': {'Present_SOLO_SR': 8912, 'Present_SOLO_R': 8722, 'Present_SOLO_S': 190}, 'Additional grading criteria applied': None, 'FINAL CONFIDENCE GRADING': '1) Assoc w R', 'INITIAL CONFIDENCE GRADING': '1) Assoc w R', 'WHO HGVS': 'rpoB_p.Ser450Leu'}",rpoB_S450L
site.04.subj.03078.lab.822554.iso.1,S450L,WHO-UCN-GTB-PCI-2023.5,2.0,RFUS,RIF,rpoB,R,"{'Observed_samples': {'Present_SOLO_SR': 8912, 'Present_SOLO_R': 8722, 'Present_SOLO_S': 190}, 'Additional grading criteria applied': None, 'FINAL CONFIDENCE GRADING': '1) Assoc w R', 'INITIAL CONFIDENCE GRADING': '1) Assoc w R', 'WHO HGVS': 'rpoB_p.Ser450Leu'}",rpoB_S450L
site.05.subj.LR-2189.lab.FN-01526-16.iso.1,S450L,WHO-UCN-GTB-PCI-2023.5,2.0,RFUS,RIF,rpoB,R,"{'Observed_samples': {'Present_SOLO_SR': 8912, 'Present_SOLO_R': 8722, 'Present_SOLO_S': 190}, 'Additional grading criteria applied': None, 'FINAL CONFIDENCE GRADING': '1) Assoc w R', 'INITIAL CONFIDENCE GRADING': '1) Assoc w R', 'WHO HGVS': 'rpoB_p.Ser450Leu'}",rpoB_S450L
site.14.subj.3494.lab.3494.iso.1,S450L,WHO-UCN-GTB-PCI-2023.5,2.0,RFUS,RIF,rpoB,R,"{'Observed_samples': {'Present_SOLO_SR': 8912, 'Present_SOLO_R': 8722, 'Present_SOLO_S': 190}, 'Additional grading criteria applied': None, 'FINAL CONFIDENCE GRADING': '1) Assoc w R', 'INITIAL CONFIDENCE GRADING': '1) Assoc w R', 'WHO HGVS': 'rpoB_p.Ser450Leu'}",rpoB_S450L
site.04.subj.05663.lab.918688.iso.1,L430P,WHO-UCN-GTB-PCI-2023.5,2.0,RFUS,RIF,rpoB,R,"{'Observed_samples': {'Present_SOLO_SR': 208, 'Present_SOLO_R': 53, 'Present_SOLO_S': 155}, 'Additional grading criteria applied': 'Borderline', 'FINAL CONFIDENCE GRADING': '1) Assoc w R', 'INITIAL CONFIDENCE GRADING': '3) Uncertain significance', 'WHO HGVS': 'rpoB_p.Leu430Pro'}",rpoB_L430P
site.10.subj.YA00089420.lab.YA00089420.iso.1,S450L,WHO-UCN-GTB-PCI-2023.5,2.0,RFUS,RIF,rpoB,R,"{'Observed_samples': {'Present_SOLO_SR': 8912, 'Present_SOLO_R': 8722, 'Present_SOLO_S': 190}, 'Additional grading criteria applied': None, 'FINAL CONFIDENCE GRADING': '1) Assoc w R', 'INITIAL CONFIDENCE GRADING': '1) Assoc w R', 'WHO HGVS': 'rpoB_p.Ser450Leu'}",rpoB_S450L
site.04.subj.06101.lab.942706.iso.1,S450L,WHO-UCN-GTB-PCI-2023.5,2.0,RFUS,RIF,rpoB,R,"{'Observed_samples': {'Present_SOLO_SR': 8912, 'Present_SOLO_R': 8722, 'Present_SOLO_S': 190}, 'Additional grading criteria applied': None, 'FINAL CONFIDENCE GRADING': '1) Assoc w R', 'INITIAL CONFIDENCE GRADING': '1) Assoc w R', 'WHO HGVS': 'rpoB_p.Ser450Leu'}",rpoB_S450L
site.03.subj.703_14.lab.AZE-181_LIB18383.iso.1,H445L,WHO-UCN-GTB-PCI-2023.5,2.0,RFUS,RIF,rpoB,R,"{'Observed_samples': {'Present_SOLO_SR': 210, 'Present_SOLO_R': 192, 'Present_SOLO_S': 18}, 'Additional grading criteria applied': None, 'FINAL CONFIDENCE GRADING': '1) Assoc w R', 'INITIAL CONFIDENCE GRADING': '1) Assoc w R', 'WHO HGVS': 'rpoB_p.His445Leu'}",rpoB_H445L
site.04.subj.02716.lab.817461.iso.1,S450L,WHO-UCN-GTB-PCI-2023.5,2.0,RFUS,RIF,rpoB,R,"{'Observed_samples': {'Present_SOLO_SR': 8912, 'Present_SOLO_R': 8722, 'Present_SOLO_S': 190}, 'Additional grading criteria applied': None, 'FINAL CONFIDENCE GRADING': '1) Assoc w R', 'INITIAL CONFIDENCE GRADING': '1) Assoc w R', 'WHO HGVS': 'rpoB_p.Ser450Leu'}",rpoB_S450L
site.06.subj.JHL_0028-14.lab.06MIL0113.iso.1,S450L,WHO-UCN-GTB-PCI-2023.5,2.0,RFUS,RIF,rpoB,R,"{'Observed_samples': {'Present_SOLO_SR': 8912, 'Present_SOLO_R': 8722, 'Present_SOLO_S': 190}, 'Additional grading criteria applied': None, 'FINAL CONFIDENCE GRADING': '1) Assoc w R', 'INITIAL CONFIDENCE GRADING': '1) Assoc w R', 'WHO HGVS': 'rpoB_p.Ser450Leu'}",rpoB_S450L
site.08.subj.02TB0685.lab.19393.iso.1,S450L,WHO-UCN-GTB-PCI-2023.5,2.0,RFUS,RIF,rpoB,R,"{'Observed_samples': {'Present_SOLO_SR': 8912, 'Present_SOLO_R': 8722, 'Present_SOLO_S': 190}, 'Additional grading criteria applied': None, 'FINAL CONFIDENCE GRADING': '1) Assoc w R', 'INITIAL CONFIDENCE GRADING': '1) Assoc w R', 'WHO HGVS': 'rpoB_p.Ser450Leu'}",rpoB_S450L
site.04.subj.03358.lab.825654.iso.1,H445Y,WHO-UCN-GTB-PCI-2023.5,2.0,RFUS,RIF,rpoB,R,"{'Observed_samples': {'Present_SOLO_SR': 484, 'Present_SOLO_R': 477, 'Present_SOLO_S': 7}, 'Additional grading criteria applied': None, 'FINAL CONFIDENCE GRADING': '1) Assoc w R', 'INITIAL CONFIDENCE GRADING': '1) Assoc w R', 'WHO HGVS': 'rpoB_p.His445Tyr'}",rpoB_H445Y
site.10.subj.SN01514922.lab.SN01514922.iso.1,H445Y,WHO-UCN-GTB-PCI-2023.5,2.0,RFUS,RIF,rpoB,R,"{'Observed_samples': {'Present_SOLO_SR': 484, 'Present_SOLO_R': 477, 'Present_SOLO_S': 7}, 'Additional grading criteria applied': None, 'FINAL CONFIDENCE GRADING': '1) Assoc w R', 'INITIAL CONFIDENCE GRADING': '1) Assoc w R', 'WHO HGVS': 'rpoB_p.His445Tyr'}",rpoB_H445Y
site.04.subj.05346.lab.912568.iso.1,S450L,WHO-UCN-GTB-PCI-2023.5,2.0,RFUS,RIF,rpoB,R,"{'Observed_samples': {'Present_SOLO_SR': 8912, 'Present_SOLO_R': 8722, 'Present_SOLO_S': 190}, 'Additional grading criteria applied': None, 'FINAL CONFIDENCE GRADING': '1) Assoc w R', 'INITIAL CONFIDENCE GRADING': '1) Assoc w R', 'WHO HGVS': 'rpoB_p.Ser450Leu'}",rpoB_S450L
site.05.subj.PSLM-0843.lab.SLM-112.iso.1,S450L,WHO-UCN-GTB-PCI-2023.5,2.0,RFUS,RIF,rpoB,R,"{'Observed_samples': {'Present_SOLO_SR': 8912, 'Present_SOLO_R': 8722, 'Present_SOLO_S': 190}, 'Additional grading criteria applied': None, 'FINAL CONFIDENCE GRADING': '1) Assoc w R', 'INITIAL CONFIDENCE GRADING': '1) Assoc w R', 'WHO HGVS': 'rpoB_p.Ser450Leu'}",rpoB_S450L
site.05.subj.LR-2363.lab.FN-01250-16.iso.1,D435V,WHO-UCN-GTB-PCI-2023.5,2.0,RFUS,RIF,rpoB,R,"{'Observed_samples': {'Present_SOLO_SR': 1096, 'Present_SOLO_R': 1083, 'Present_SOLO_S': 13}, 'Additional grading criteria applied': None, 'FINAL CONFIDENCE GRADING': '1) Assoc w R', 'INITIAL CONFIDENCE GRADING': '1) Assoc w R', 'WHO HGVS': 'rpoB_p.Asp435Val'}",rpoB_D435V
site.ENA.subj.SAMN03648842.lab.1.iso.1,H445Y,WHO-UCN-GTB-PCI-2023.5,2.0,RFUS,RIF,rpoB,R,"{'Observed_samples': {'Present_SOLO_SR': 484, 'Present_SOLO_R': 477, 'Present_SOLO_S': 7}, 'Additional grading criteria applied': None, 'FINAL CONFIDENCE GRADING': '1) Assoc w R', 'INITIAL CONFIDENCE GRADING': '1) Assoc w R', 'WHO HGVS': 'rpoB_p.His445Tyr'}",rpoB_H445Y
site.ENA.subj.SAMN03647930.lab.1.iso.1,V170F,WHO-UCN-GTB-PCI-2023.5,2.0,RFUS,RIF,rpoB,R,"{'Observed_samples': {'Present_SOLO_SR': 41, 'Present_SOLO_R': 40, 'Present_SOLO_S': 1}, 'Additional grading criteria applied': None, 'FINAL CONFIDENCE GRADING': '1) Assoc w R', 'INITIAL CONFIDENCE GRADING': '1) Assoc w R', 'WHO HGVS': 'rpoB_p.Val170Phe'}",rpoB_V170F
site.03.subj.617_14.lab.AZE-158_LIB18360.iso.1,S450L,WHO-UCN-GTB-PCI-2023.5,2.0,RFUS,RIF,rpoB,R,"{'Observed_samples': {'Present_SOLO_SR': 8912, 'Present_SOLO_R': 8722, 'Present_SOLO_S': 190}, 'Additional grading criteria applied': None, 'FINAL CONFIDENCE GRADING': '1) Assoc w R', 'INITIAL CONFIDENCE GRADING': '1) Assoc w R', 'WHO HGVS': 'rpoB_p.Ser450Leu'}",rpoB_S450L
site.04.subj.06736.lab.933167.iso.1,S450L,WHO-UCN-GTB-PCI-2023.5,2.0,RFUS,RIF,rpoB,R,"{'Observed_samples': {'Present_SOLO_SR': 8912, 'Present_SOLO_R': 8722, 'Present_SOLO_S': 190}, 'Additional grading criteria applied': None, 'FINAL CONFIDENCE GRADING': '1) Assoc w R', 'INITIAL CONFIDENCE GRADING': '1) Assoc w R', 'WHO HGVS': 'rpoB_p.Ser450Leu'}",rpoB_S450L
site.04.subj.06054.lab.922356.iso.1,H445C,WHO-UCN-GTB-PCI-2023.5,2.0,RFUS,RIF,rpoB,R,"{'Observed_samples': {'Present_SOLO_SR': 71, 'Present_SOLO_R': 65, 'Present_SOLO_S': 6}, 'Additional grading criteria applied': None, 'FINAL CONFIDENCE GRADING': '1) Assoc w R', 'INITIAL CONFIDENCE GRADING': '1) Assoc w R', 'WHO HGVS': 'rpoB_p.His445Cys'}",rpoB_H445C
site.ENA.subj.SAMEA2533427.lab.1.iso.1,L452P,WHO-UCN-GTB-PCI-2023.5,2.0,RFUS,RIF,rpoB,R,"{'Observed_samples': {'Present_SOLO_SR': 259, 'Present_SOLO_R': 168, 'Present_SOLO_S': 91}, 'Additional grading criteria applied': None, 'FINAL CONFIDENCE GRADING': '1) Assoc w R', 'INITIAL CONFIDENCE GRADING': '1) Assoc w R', 'WHO HGVS': 'rpoB_p.Leu452Pro'}",rpoB_L452P
site.02.subj.0570.lab.242345-14.iso.1,H445N,WHO-UCN-GTB-PCI-2023.5,2.0,RFUS,RIF,rpoB,R,"{'Observed_samples': {'Present_SOLO_SR': 104, 'Present_SOLO_R': 35, 'Present_SOLO_S': 69}, 'Additional grading criteria applied': 'Borderline', 'FINAL CONFIDENCE GRADING': '1) Assoc w R', 'INITIAL CONFIDENCE GRADING': '3) Uncertain significance', 'WHO HGVS': 'rpoB_p.His445Asn'}",rpoB_H445N
site.10.subj.YA00081849.lab.YA00081849.iso.1,D435Y,WHO-UCN-GTB-PCI-2023.5,2.0,RFUS,RIF,rpoB,R,"{'Observed_samples': {'Present_SOLO_SR': 251, 'Present_SOLO_R': 178, 'Present_SOLO_S': 73}, 'Additional grading criteria applied': None, 'FINAL CONFIDENCE GRADING': '1) Assoc w R', 'INITIAL CONFIDENCE GRADING': '1) Assoc w R', 'WHO HGVS': 'rpoB_p.Asp435Tyr'}",rpoB_D435Y
site.04.subj.03296.lab.825159.iso.1,L430P,WHO-UCN-GTB-PCI-2023.5,2.0,RFUS,RIF,rpoB,R,"{'Observed_samples': {'Present_SOLO_SR': 208, 'Present_SOLO_R': 53, 'Present_SOLO_S': 155}, 'Additional grading criteria applied': 'Borderline', 'FINAL CONFIDENCE GRADING': '1) Assoc w R', 'INITIAL CONFIDENCE GRADING': '3) Uncertain significance', 'WHO HGVS': 'rpoB_p.Leu430Pro'}",rpoB_L430P
site.20.subj.SA00140582.lab.YA00134642.iso.1,L452P,WHO-UCN-GTB-PCI-2023.5,2.0,RFUS,RIF,rpoB,R,"{'Observed_samples': {'Present_SOLO_SR': 259, 'Present_SOLO_R': 168, 'Present_SOLO_S': 91}, 'Additional grading criteria applied': None, 'FINAL CONFIDENCE GRADING': '1) Assoc w R', 'INITIAL CONFIDENCE GRADING': '1) Assoc w R', 'WHO HGVS': 'rpoB_p.Leu452Pro'}",rpoB_L452P
site.10.subj.CG05374575.lab.CG05374575.iso.1,H445Y,WHO-UCN-GTB-PCI-2023.5,2.0,RFUS,RIF,rpoB,R,"{'Observed_samples': {'Present_SOLO_SR': 484, 'Present_SOLO_R': 477, 'Present_SOLO_S': 7}, 'Additional grading criteria applied': None, 'FINAL CONFIDENCE GRADING': '1) Assoc w R', 'INITIAL CONFIDENCE GRADING': '1) Assoc w R', 'WHO HGVS': 'rpoB_p.His445Tyr'}",rpoB_H445Y
site.05.subj.LR-3623.lab.CR-01360-17.iso.1,D435V,WHO-UCN-GTB-PCI-2023.5,2.0,RFUS,RIF,rpoB,R,"{'Observed_samples': {'Present_SOLO_SR': 1096, 'Present_SOLO_R': 1083, 'Present_SOLO_S': 13}, 'Additional grading criteria applied': None, 'FINAL CONFIDENCE GRADING': '1) Assoc w R', 'INITIAL CONFIDENCE GRADING': '1) Assoc w R', 'WHO HGVS': 'rpoB_p.Asp435Val'}",rpoB_D435V
site.ENA.subj.SAMN03647357.lab.1.iso.1,D435Y,WHO-UCN-GTB-PCI-2023.5,2.0,RFUS,RIF,rpoB,R,"{'Observed_samples': {'Present_SOLO_SR': 251, 'Present_SOLO_R': 178, 'Present_SOLO_S': 73}, 'Additional grading criteria applied': None, 'FINAL CONFIDENCE GRADING': '1) Assoc w R', 'INITIAL CONFIDENCE GRADING': '1) Assoc w R', 'WHO HGVS': 'rpoB_p.Asp435Tyr'}",rpoB_D435Y
site.03.subj.2731-02_LIB9184.lab.2731-02_LIB9184.iso.1,Q432P,WHO-UCN-GTB-PCI-2023.5,2.0,RFUS,RIF,rpoB,R,"{'Observed_samples': {'Present_SOLO_SR': 52, 'Present_SOLO_R': 51, 'Present_SOLO_S': 1}, 'Additional grading criteria applied': None, 'FINAL CONFIDENCE GRADING': '1) Assoc w R', 'INITIAL CONFIDENCE GRADING': '1) Assoc w R', 'WHO HGVS': 'rpoB_p.Gln432Pro'}",rpoB_Q432P
site.04.subj.05196.lab.935993.iso.1,S450L,WHO-UCN-GTB-PCI-2023.5,2.0,RFUS,RIF,rpoB,R,"{'Observed_samples': {'Present_SOLO_SR': 8912, 'Present_SOLO_R': 8722, 'Present_SOLO_S': 190}, 'Additional grading criteria applied': None, 'FINAL CONFIDENCE GRADING': '1) Assoc w R', 'INITIAL CONFIDENCE GRADING': '1) Assoc w R', 'WHO HGVS': 'rpoB_p.Ser450Leu'}",rpoB_S450L
site.03.subj.11086.lab.IML-00871.iso.1,S450L,WHO-UCN-GTB-PCI-2023.5,2.0,RFUS,RIF,rpoB,R,"{'Observed_samples': {'Present_SOLO_SR': 8912, 'Present_SOLO_R': 8722, 'Present_SOLO_S': 190}, 'Additional grading criteria applied': None, 'FINAL CONFIDENCE GRADING': '1) Assoc w R', 'INITIAL CONFIDENCE GRADING': '1) Assoc w R', 'WHO HGVS': 'rpoB_p.Ser450Leu'}",rpoB_S450L
site.10.subj.YA00074652.lab.YA00074652.iso.1,H445Y,WHO-UCN-GTB-PCI-2023.5,2.0,RFUS,RIF,rpoB,R,"{'Observed_samples': {'Present_SOLO_SR': 484, 'Present_SOLO_R': 477, 'Present_SOLO_S': 7}, 'Additional grading criteria applied': None, 'FINAL CONFIDENCE GRADING': '1) Assoc w R', 'INITIAL CONFIDENCE GRADING': '1) Assoc w R', 'WHO HGVS': 'rpoB_p.His445Tyr'}",rpoB_H445Y
site.03.subj.2683-98_LIB10247.lab.2683-98_LIB10247.iso.1,S450L,WHO-UCN-GTB-PCI-2023.5,2.0,RFUS,RIF,rpoB,R,"{'Observed_samples': {'Present_SOLO_SR': 8912, 'Present_SOLO_R': 8722, 'Present_SOLO_S': 190}, 'Additional grading criteria applied': None, 'FINAL CONFIDENCE GRADING': '1) Assoc w R', 'INITIAL CONFIDENCE GRADING': '1) Assoc w R', 'WHO HGVS': 'rpoB_p.Ser450Leu'}",rpoB_S450L
site.05.subj.LS-1046.lab.LS-10565-18.iso.2,D435V,WHO-UCN-GTB-PCI-2023.5,2.0,RFUS,RIF,rpoB,R,"{'Observed_samples': {'Present_SOLO_SR': 1096, 'Present_SOLO_R': 1083, 'Present_SOLO_S': 13}, 'Additional grading criteria applied': None, 'FINAL CONFIDENCE GRADING': '1) Assoc w R', 'INITIAL CONFIDENCE GRADING': '1) Assoc w R', 'WHO HGVS': 'rpoB_p.Asp435Val'}",rpoB_D435V
site.04.subj.00574.lab.706414.iso.1,S450L,WHO-UCN-GTB-PCI-2023.5,2.0,RFUS,RIF,rpoB,R,"{'Observed_samples': {'Present_SOLO_SR': 8912, 'Present_SOLO_R': 8722, 'Present_SOLO_S': 190}, 'Additional grading criteria applied': None, 'FINAL CONFIDENCE GRADING': '1) Assoc w R', 'INITIAL CONFIDENCE GRADING': '1) Assoc w R', 'WHO HGVS': 'rpoB_p.Ser450Leu'}",rpoB_S450L
site.19.subj.366126.lab.IDR1800055080.iso.1,S450L,WHO-UCN-GTB-PCI-2023.5,2.0,RFUS,RIF,rpoB,R,"{'Observed_samples': {'Present_SOLO_SR': 8912, 'Present_SOLO_R': 8722, 'Present_SOLO_S': 190}, 'Additional grading criteria applied': None, 'FINAL CONFIDENCE GRADING': '1) Assoc w R', 'INITIAL CONFIDENCE GRADING': '1) Assoc w R', 'WHO HGVS': 'rpoB_p.Ser450Leu'}",rpoB_S450L
site.05.subj.LR-3507.lab.CR-00051-16.iso.1,S450L,WHO-UCN-GTB-PCI-2023.5,2.0,RFUS,RIF,rpoB,R,"{'Observed_samples': {'Present_SOLO_SR': 8912, 'Present_SOLO_R': 8722, 'Present_SOLO_S': 190}, 'Additional grading criteria applied': None, 'FINAL CONFIDENCE GRADING': '1) Assoc w R', 'INITIAL CONFIDENCE GRADING': '1) Assoc w R', 'WHO HGVS': 'rpoB_p.Ser450Leu'}",rpoB_S450L
site.ENA.subj.SAMEA1404030.lab.1.iso.1,H445N,WHO-UCN-GTB-PCI-2023.5,2.0,RFUS,RIF,rpoB,R,"{'Observed_samples': {'Present_SOLO_SR': 104, 'Present_SOLO_R': 35, 'Present_SOLO_S': 69}, 'Additional grading criteria applied': 'Borderline', 'FINAL CONFIDENCE GRADING': '1) Assoc w R', 'INITIAL CONFIDENCE GRADING': '3) Uncertain significance', 'WHO HGVS': 'rpoB_p.His445Asn'}",rpoB_H445N
site.04.subj.06658.lab.933065.iso.1,S450L,WHO-UCN-GTB-PCI-2023.5,2.0,RFUS,RIF,rpoB,R,"{'Observed_samples': {'Present_SOLO_SR': 8912, 'Present_SOLO_R': 8722, 'Present_SOLO_S': 190}, 'Additional grading criteria applied': None, 'FINAL CONFIDENCE GRADING': '1) Assoc w R', 'INITIAL CONFIDENCE GRADING': '1) Assoc w R', 'WHO HGVS': 'rpoB_p.Ser450Leu'}",rpoB_S450L
site.06.subj.06TB_0596.lab.06MIL1450.iso.1,Q432P,WHO-UCN-GTB-PCI-2023.5,2.0,RFUS,RIF,rpoB,R,"{'Observed_samples': {'Present_SOLO_SR': 52, 'Present_SOLO_R': 51, 'Present_SOLO_S': 1}, 'Additional grading criteria applied': None, 'FINAL CONFIDENCE GRADING': '1) Assoc w R', 'INITIAL CONFIDENCE GRADING': '1) Assoc w R', 'WHO HGVS': 'rpoB_p.Gln432Pro'}",rpoB_Q432P
site.04.subj.06779.lab.933461.iso.1,S450L,WHO-UCN-GTB-PCI-2023.5,2.0,RFUS,RIF,rpoB,R,"{'Observed_samples': {'Present_SOLO_SR': 8912, 'Present_SOLO_R': 8722, 'Present_SOLO_S': 190}, 'Additional grading criteria applied': None, 'FINAL CONFIDENCE GRADING': '1) Assoc w R', 'INITIAL CONFIDENCE GRADING': '1) Assoc w R', 'WHO HGVS': 'rpoB_p.Ser450Leu'}",rpoB_S450L
site.10.subj.SAPM00210785_S30.lab.PM00210785_S30.iso.1,S450L,WHO-UCN-GTB-PCI-2023.5,2.0,RFUS,RIF,rpoB,R,"{'Observed_samples': {'Present_SOLO_SR': 8912, 'Present_SOLO_R': 8722, 'Present_SOLO_S': 190}, 'Additional grading criteria applied': None, 'FINAL CONFIDENCE GRADING': '1) Assoc w R', 'INITIAL CONFIDENCE GRADING': '1) Assoc w R', 'WHO HGVS': 'rpoB_p.Ser450Leu'}",rpoB_S450L
site.04.subj.03910.lab.831968.iso.1,S450L,WHO-UCN-GTB-PCI-2023.5,2.0,RFUS,RIF,rpoB,R,"{'Observed_samples': {'Present_SOLO_SR': 8912, 'Present_SOLO_R': 8722, 'Present_SOLO_S': 190}, 'Additional grading criteria applied': None, 'FINAL CONFIDENCE GRADING': '1) Assoc w R', 'INITIAL CONFIDENCE GRADING': '1) Assoc w R', 'WHO HGVS': 'rpoB_p.Ser450Leu'}",rpoB_S450L
site.04.subj.04412.lab.902976.iso.1,S450L,WHO-UCN-GTB-PCI-2023.5,2.0,RFUS,RIF,rpoB,R,"{'Observed_samples': {'Present_SOLO_SR': 8912, 'Present_SOLO_R': 8722, 'Present_SOLO_S': 190}, 'Additional grading criteria applied': None, 'FINAL CONFIDENCE GRADING': '1) Assoc w R', 'INITIAL CONFIDENCE GRADING': '1) Assoc w R', 'WHO HGVS': 'rpoB_p.Ser450Leu'}",rpoB_S450L
site.ENA.subj.SAMN07236317.lab.1.iso.1,S450L,WHO-UCN-GTB-PCI-2023.5,2.0,RFUS,RIF,rpoB,R,"{'Observed_samples': {'Present_SOLO_SR': 8912, 'Present_SOLO_R': 8722, 'Present_SOLO_S': 190}, 'Additional grading criteria applied': None, 'FINAL CONFIDENCE GRADING': '1) Assoc w R', 'INITIAL CONFIDENCE GRADING': '1) Assoc w R', 'WHO HGVS': 'rpoB_p.Ser450Leu'}",rpoB_S450L
site.04.subj.01229.lab.728523.iso.1,S450L,WHO-UCN-GTB-PCI-2023.5,2.0,RFUS,RIF,rpoB,R,"{'Observed_samples': {'Present_SOLO_SR': 8912, 'Present_SOLO_R': 8722, 'Present_SOLO_S': 190}, 'Additional grading criteria applied': None, 'FINAL CONFIDENCE GRADING': '1) Assoc w R', 'INITIAL CONFIDENCE GRADING': '1) Assoc w R', 'WHO HGVS': 'rpoB_p.Ser450Leu'}",rpoB_S450L
site.05.subj.LR-3064.lab.CR-00952-16.iso.1,H445R,WHO-UCN-GTB-PCI-2023.5,2.0,RFUS,RIF,rpoB,R,"{'Observed_samples': {'Present_SOLO_SR': 107, 'Present_SOLO_R': 105, 'Present_SOLO_S': 2}, 'Additional grading criteria applied': None, 'FINAL CONFIDENCE GRADING': '1) Assoc w R', 'INITIAL CONFIDENCE GRADING': '1) Assoc w R', 'WHO HGVS': 'rpoB_p.His445Arg'}",rpoB_H445R
site.05.subj.LR-2530.lab.FN-00528-15.iso.1,D435V,WHO-UCN-GTB-PCI-2023.5,2.0,RFUS,RIF,rpoB,R,"{'Observed_samples': {'Present_SOLO_SR': 1096, 'Present_SOLO_R': 1083, 'Present_SOLO_S': 13}, 'Additional grading criteria applied': None, 'FINAL CONFIDENCE GRADING': '1) Assoc w R', 'INITIAL CONFIDENCE GRADING': '1) Assoc w R', 'WHO HGVS': 'rpoB_p.Asp435Val'}",rpoB_D435V
site.08.subj.02TB0456.lab.19774.iso.1,D435V,WHO-UCN-GTB-PCI-2023.5,2.0,RFUS,RIF,rpoB,R,"{'Observed_samples': {'Present_SOLO_SR': 1096, 'Present_SOLO_R': 1083, 'Present_SOLO_S': 13}, 'Additional grading criteria applied': None, 'FINAL CONFIDENCE GRADING': '1) Assoc w R', 'INITIAL CONFIDENCE GRADING': '1) Assoc w R', 'WHO HGVS': 'rpoB_p.Asp435Val'}",rpoB_D435V
site.04.subj.04681.lab.934307.iso.1,S450L,WHO-UCN-GTB-PCI-2023.5,2.0,RFUS,RIF,rpoB,R,"{'Observed_samples': {'Present_SOLO_SR': 8912, 'Present_SOLO_R': 8722, 'Present_SOLO_S': 190}, 'Additional grading criteria applied': None, 'FINAL CONFIDENCE GRADING': '1) Assoc w R', 'INITIAL CONFIDENCE GRADING': '1) Assoc w R', 'WHO HGVS': 'rpoB_p.Ser450Leu'}",rpoB_S450L
site.03.subj.13-4079_LIB7027.lab.13-4079_LIB7027.iso.1,S450L,WHO-UCN-GTB-PCI-2023.5,2.0,RFUS,RIF,rpoB,R,"{'Observed_samples': {'Present_SOLO_SR': 8912, 'Present_SOLO_R': 8722, 'Present_SOLO_S': 190}, 'Additional grading criteria applied': None, 'FINAL CONFIDENCE GRADING': '1) Assoc w R', 'INITIAL CONFIDENCE GRADING': '1) Assoc w R', 'WHO HGVS': 'rpoB_p.Ser450Leu'}",rpoB_S450L
site.08.subj.BTN_P75_17.lab.BTN_P75_17.iso.1,S450L,WHO-UCN-GTB-PCI-2023.5,2.0,RFUS,RIF,rpoB,R,"{'Observed_samples': {'Present_SOLO_SR': 8912, 'Present_SOLO_R': 8722, 'Present_SOLO_S': 190}, 'Additional grading criteria applied': None, 'FINAL CONFIDENCE GRADING': '1) Assoc w R', 'INITIAL CONFIDENCE GRADING': '1) Assoc w R', 'WHO HGVS': 'rpoB_p.Ser450Leu'}",rpoB_S450L
site.04.subj.05638.lab.919105.iso.1,S450L,WHO-UCN-GTB-PCI-2023.5,2.0,RFUS,RIF,rpoB,R,"{'Observed_samples': {'Present_SOLO_SR': 8912, 'Present_SOLO_R': 8722, 'Present_SOLO_S': 190}, 'Additional grading criteria applied': None, 'FINAL CONFIDENCE GRADING': '1) Assoc w R', 'INITIAL CONFIDENCE GRADING': '1) Assoc w R', 'WHO HGVS': 'rpoB_p.Ser450Leu'}",rpoB_S450L
site.05.subj.LR-3287.lab.CR-01103-16.iso.1,H445Y,WHO-UCN-GTB-PCI-2023.5,2.0,RFUS,RIF,rpoB,R,"{'Observed_samples': {'Present_SOLO_SR': 484, 'Present_SOLO_R': 477, 'Present_SOLO_S': 7}, 'Additional grading criteria applied': None, 'FINAL CONFIDENCE GRADING': '1) Assoc w R', 'INITIAL CONFIDENCE GRADING': '1) Assoc w R', 'WHO HGVS': 'rpoB_p.His445Tyr'}",rpoB_H445Y
site.26.subj.16.lab.G102.iso.1,S450L,WHO-UCN-GTB-PCI-2023.5,2.0,RFUS,RIF,rpoB,R,"{'Observed_samples': {'Present_SOLO_SR': 8912, 'Present_SOLO_R': 8722, 'Present_SOLO_S': 190}, 'Additional grading criteria applied': None, 'FINAL CONFIDENCE GRADING': '1) Assoc w R', 'INITIAL CONFIDENCE GRADING': '1) Assoc w R', 'WHO HGVS': 'rpoB_p.Ser450Leu'}",rpoB_S450L
site.ENA.subj.SAMN03648068.lab.1.iso.1,H445D,WHO-UCN-GTB-PCI-2023.5,2.0,RFUS,RIF,rpoB,R,"{'Observed_samples': {'Present_SOLO_SR': 574, 'Present_SOLO_R': 565, 'Present_SOLO_S': 9}, 'Additional grading criteria applied': None, 'FINAL CONFIDENCE GRADING': '1) Assoc w R', 'INITIAL CONFIDENCE GRADING': '1) Assoc w R', 'WHO HGVS': 'rpoB_p.His445Asp'}",rpoB_H445D
site.04.subj.05165.lab.946557.iso.1,S450L,WHO-UCN-GTB-PCI-2023.5,2.0,RFUS,RIF,rpoB,R,"{'Observed_samples': {'Present_SOLO_SR': 8912, 'Present_SOLO_R': 8722, 'Present_SOLO_S': 190}, 'Additional grading criteria applied': None, 'FINAL CONFIDENCE GRADING': '1) Assoc w R', 'INITIAL CONFIDENCE GRADING': '1) Assoc w R', 'WHO HGVS': 'rpoB_p.Ser450Leu'}",rpoB_S450L
site.05.subj.LR-2466.lab.FN-01897-15.iso.1,S450L,WHO-UCN-GTB-PCI-2023.5,2.0,RFUS,RIF,rpoB,R,"{'Observed_samples': {'Present_SOLO_SR': 8912, 'Present_SOLO_R': 8722, 'Present_SOLO_S': 190}, 'Additional grading criteria applied': None, 'FINAL CONFIDENCE GRADING': '1) Assoc w R', 'INITIAL CONFIDENCE GRADING': '1) Assoc w R', 'WHO HGVS': 'rpoB_p.Ser450Leu'}",rpoB_S450L
site.03.subj.4329-00_LIB10329.lab.4329-00_LIB10329.iso.1,S450L,WHO-UCN-GTB-PCI-2023.5,2.0,RFUS,RIF,rpoB,R,"{'Observed_samples': {'Present_SOLO_SR': 8912, 'Present_SOLO_R': 8722, 'Present_SOLO_S': 190}, 'Additional grading criteria applied': None, 'FINAL CONFIDENCE GRADING': '1) Assoc w R', 'INITIAL CONFIDENCE GRADING': '1) Assoc w R', 'WHO HGVS': 'rpoB_p.Ser450Leu'}",rpoB_S450L
site.05.subj.LR-3065.lab.CR-00984-16.iso.1,D435V,WHO-UCN-GTB-PCI-2023.5,2.0,RFUS,RIF,rpoB,R,"{'Observed_samples': {'Present_SOLO_SR': 1096, 'Present_SOLO_R': 1083, 'Present_SOLO_S': 13}, 'Additional grading criteria applied': None, 'FINAL CONFIDENCE GRADING': '1) Assoc w R', 'INITIAL CONFIDENCE GRADING': '1) Assoc w R', 'WHO HGVS': 'rpoB_p.Asp435Val'}",rpoB_D435V
site.03.subj.6052-96_LIB7808.lab.6052-96_LIB7808.iso.1,S450L,WHO-UCN-GTB-PCI-2023.5,2.0,RFUS,RIF,rpoB,R,"{'Observed_samples': {'Present_SOLO_SR': 8912, 'Present_SOLO_R': 8722, 'Present_SOLO_S': 190}, 'Additional grading criteria applied': None, 'FINAL CONFIDENCE GRADING': '1) Assoc w R', 'INITIAL CONFIDENCE GRADING': '1) Assoc w R', 'WHO HGVS': 'rpoB_p.Ser450Leu'}",rpoB_S450L
site.28.subj.1007.lab.R12077.iso.2,S450L,WHO-UCN-GTB-PCI-2023.5,2.0,RFUS,RIF,rpoB,R,"{'Observed_samples': {'Present_SOLO_SR': 8912, 'Present_SOLO_R': 8722, 'Present_SOLO_S': 190}, 'Additional grading criteria applied': None, 'FINAL CONFIDENCE GRADING': '1) Assoc w R', 'INITIAL CONFIDENCE GRADING': '1) Assoc w R', 'WHO HGVS': 'rpoB_p.Ser450Leu'}",rpoB_S450L
site.04.subj.00499.lab.705592.iso.1,S450L,WHO-UCN-GTB-PCI-2023.5,2.0,RFUS,RIF,rpoB,R,"{'Observed_samples': {'Present_SOLO_SR': 8912, 'Present_SOLO_R': 8722, 'Present_SOLO_S': 190}, 'Additional grading criteria applied': None, 'FINAL CONFIDENCE GRADING': '1) Assoc w R', 'INITIAL CONFIDENCE GRADING': '1) Assoc w R', 'WHO HGVS': 'rpoB_p.Ser450Leu'}",rpoB_S450L
site.ENA.subj.SAMN03648001.lab.1.iso.1,H445R,WHO-UCN-GTB-PCI-2023.5,2.0,RFUS,RIF,rpoB,R,"{'Observed_samples': {'Present_SOLO_SR': 107, 'Present_SOLO_R': 105, 'Present_SOLO_S': 2}, 'Additional grading criteria applied': None, 'FINAL CONFIDENCE GRADING': '1) Assoc w R', 'INITIAL CONFIDENCE GRADING': '1) Assoc w R', 'WHO HGVS': 'rpoB_p.His445Arg'}",rpoB_H445R
site.10.subj.YA00026704.lab.YA00026704.iso.1,S450L,WHO-UCN-GTB-PCI-2023.5,2.0,RFUS,RIF,rpoB,R,"{'Observed_samples': {'Present_SOLO_SR': 8912, 'Present_SOLO_R': 8722, 'Present_SOLO_S': 190}, 'Additional grading criteria applied': None, 'FINAL CONFIDENCE GRADING': '1) Assoc w R', 'INITIAL CONFIDENCE GRADING': '1) Assoc w R', 'WHO HGVS': 'rpoB_p.Ser450Leu'}",rpoB_S450L
site.04.subj.06780.lab.953196.iso.1,S450L,WHO-UCN-GTB-PCI-2023.5,2.0,RFUS,RIF,rpoB,R,"{'Observed_samples': {'Present_SOLO_SR': 8912, 'Present_SOLO_R': 8722, 'Present_SOLO_S': 190}, 'Additional grading criteria applied': None, 'FINAL CONFIDENCE GRADING': '1) Assoc w R', 'INITIAL CONFIDENCE GRADING': '1) Assoc w R', 'WHO HGVS': 'rpoB_p.Ser450Leu'}",rpoB_S450L
site.04.subj.06206.lab.923470.iso.1,S450L,WHO-UCN-GTB-PCI-2023.5,2.0,RFUS,RIF,rpoB,R,"{'Observed_samples': {'Present_SOLO_SR': 8912, 'Present_SOLO_R': 8722, 'Present_SOLO_S': 190}, 'Additional grading criteria applied': None, 'FINAL CONFIDENCE GRADING': '1) Assoc w R', 'INITIAL CONFIDENCE GRADING': '1) Assoc w R', 'WHO HGVS': 'rpoB_p.Ser450Leu'}",rpoB_S450L
site.10.subj.YA00038960.lab.YA00038960.iso.1,H445N,WHO-UCN-GTB-PCI-2023.5,2.0,RFUS,RIF,rpoB,R,"{'Observed_samples': {'Present_SOLO_SR': 104, 'Present_SOLO_R': 35, 'Present_SOLO_S': 69}, 'Additional grading criteria applied': 'Borderline', 'FINAL CONFIDENCE GRADING': '1) Assoc w R', 'INITIAL CONFIDENCE GRADING': '3) Uncertain significance', 'WHO HGVS': 'rpoB_p.His445Asn'}",rpoB_H445N
site.04.subj.04232.lab.902075.iso.1,D435V,WHO-UCN-GTB-PCI-2023.5,2.0,RFUS,RIF,rpoB,R,"{'Observed_samples': {'Present_SOLO_SR': 1096, 'Present_SOLO_R': 1083, 'Present_SOLO_S': 13}, 'Additional grading criteria applied': None, 'FINAL CONFIDENCE GRADING': '1) Assoc w R', 'INITIAL CONFIDENCE GRADING': '1) Assoc w R', 'WHO HGVS': 'rpoB_p.Asp435Val'}",rpoB_D435V
site.06.subj.MHL_0156-14.lab.06MIL0152.iso.1,S450L,WHO-UCN-GTB-PCI-2023.5,2.0,RFUS,RIF,rpoB,R,"{'Observed_samples': {'Present_SOLO_SR': 8912, 'Present_SOLO_R': 8722, 'Present_SOLO_S': 190}, 'Additional grading criteria applied': None, 'FINAL CONFIDENCE GRADING': '1) Assoc w R', 'INITIAL CONFIDENCE GRADING': '1) Assoc w R', 'WHO HGVS': 'rpoB_p.Ser450Leu'}",rpoB_S450L
site.10.subj.LA00677490.lab.LA00677490.iso.1,S450L,WHO-UCN-GTB-PCI-2023.5,2.0,RFUS,RIF,rpoB,R,"{'Observed_samples': {'Present_SOLO_SR': 8912, 'Present_SOLO_R': 8722, 'Present_SOLO_S': 190}, 'Additional grading criteria applied': None, 'FINAL CONFIDENCE GRADING': '1) Assoc w R', 'INITIAL CONFIDENCE GRADING': '1) Assoc w R', 'WHO HGVS': 'rpoB_p.Ser450Leu'}",rpoB_S450L
site.04.subj.02239.lab.806552.iso.1,S450L,WHO-UCN-GTB-PCI-2023.5,2.0,RFUS,RIF,rpoB,R,"{'Observed_samples': {'Present_SOLO_SR': 8912, 'Present_SOLO_R': 8722, 'Present_SOLO_S': 190}, 'Additional grading criteria applied': None, 'FINAL CONFIDENCE GRADING': '1) Assoc w R', 'INITIAL CONFIDENCE GRADING': '1) Assoc w R', 'WHO HGVS': 'rpoB_p.Ser450Leu'}",rpoB_S450L
site.14.subj.4401.lab.4401.iso.1,S450L,WHO-UCN-GTB-PCI-2023.5,2.0,RFUS,RIF,rpoB,R,"{'Observed_samples': {'Present_SOLO_SR': 8912, 'Present_SOLO_R': 8722, 'Present_SOLO_S': 190}, 'Additional grading criteria applied': None, 'FINAL CONFIDENCE GRADING': '1) Assoc w R', 'INITIAL CONFIDENCE GRADING': '1) Assoc w R', 'WHO HGVS': 'rpoB_p.Ser450Leu'}",rpoB_S450L
site.04.subj.06926.lab.952169.iso.1,D435Y,WHO-UCN-GTB-PCI-2023.5,2.0,RFUS,RIF,rpoB,R,"{'Observed_samples': {'Present_SOLO_SR': 251, 'Present_SOLO_R': 178, 'Present_SOLO_S': 73}, 'Additional grading criteria applied': None, 'FINAL CONFIDENCE GRADING': '1) Assoc w R', 'INITIAL CONFIDENCE GRADING': '1) Assoc w R', 'WHO HGVS': 'rpoB_p.Asp435Tyr'}",rpoB_D435Y
site.05.subj.LR-3093.lab.CR-01555-16.iso.1,D435V,WHO-UCN-GTB-PCI-2023.5,2.0,RFUS,RIF,rpoB,R,"{'Observed_samples': {'Present_SOLO_SR': 1096, 'Present_SOLO_R': 1083, 'Present_SOLO_S': 13}, 'Additional grading criteria applied': None, 'FINAL CONFIDENCE GRADING': '1) Assoc w R', 'INITIAL CONFIDENCE GRADING': '1) Assoc w R', 'WHO HGVS': 'rpoB_p.Asp435Val'}",rpoB_D435V
site.10.subj.XD02692733.lab.XD02692733.iso.1,D435V,WHO-UCN-GTB-PCI-2023.5,2.0,RFUS,RIF,rpoB,R,"{'Observed_samples': {'Present_SOLO_SR': 1096, 'Present_SOLO_R': 1083, 'Present_SOLO_S': 13}, 'Additional grading criteria applied': None, 'FINAL CONFIDENCE GRADING': '1) Assoc w R', 'INITIAL CONFIDENCE GRADING': '1) Assoc w R', 'WHO HGVS': 'rpoB_p.Asp435Val'}",rpoB_D435V
site.04.subj.03297.lab.824687.iso.1,L430P,WHO-UCN-GTB-PCI-2023.5,2.0,RFUS,RIF,rpoB,R,"{'Observed_samples': {'Present_SOLO_SR': 208, 'Present_SOLO_R': 53, 'Present_SOLO_S': 155}, 'Additional grading criteria applied': 'Borderline', 'FINAL CONFIDENCE GRADING': '1) Assoc w R', 'INITIAL CONFIDENCE GRADING': '3) Uncertain significance', 'WHO HGVS': 'rpoB_p.Leu430Pro'}",rpoB_L430P
site.04.subj.04445.lab.902323.iso.1,I491F,WHO-UCN-GTB-PCI-2023.5,2.0,RFUS,RIF,rpoB,R,"{'Observed_samples': {'Present_SOLO_SR': 173, 'Present_SOLO_R': 96, 'Present_SOLO_S': 77}, 'Additional grading criteria applied': 'Borderline', 'FINAL CONFIDENCE GRADING': '1) Assoc w R', 'INITIAL CONFIDENCE GRADING': '1) Assoc w R', 'WHO HGVS': 'rpoB_p.Ile491Phe'}",rpoB_I491F
site.10.subj.XD00893425.lab.XD00893425.iso.1,I491F,WHO-UCN-GTB-PCI-2023.5,2.0,RFUS,RIF,rpoB,R,"{'Observed_samples': {'Present_SOLO_SR': 173, 'Present_SOLO_R': 96, 'Present_SOLO_S': 77}, 'Additional grading criteria applied': 'Borderline', 'FINAL CONFIDENCE GRADING': '1) Assoc w R', 'INITIAL CONFIDENCE GRADING': '1) Assoc w R', 'WHO HGVS': 'rpoB_p.Ile491Phe'}",rpoB_I491F
site.03.subj.7777-01_LIB11855.lab.7777-01_LIB11855.iso.1,H445Y,WHO-UCN-GTB-PCI-2023.5,2.0,RFUS,RIF,rpoB,R,"{'Observed_samples': {'Present_SOLO_SR': 484, 'Present_SOLO_R': 477, 'Present_SOLO_S': 7}, 'Additional grading criteria applied': None, 'FINAL CONFIDENCE GRADING': '1) Assoc w R', 'INITIAL CONFIDENCE GRADING': '1) Assoc w R', 'WHO HGVS': 'rpoB_p.His445Tyr'}",rpoB_H445Y
site.08.subj.28TB-D06-009.lab.2849.iso.1,S450L,WHO-UCN-GTB-PCI-2023.5,2.0,RFUS,RIF,rpoB,R,"{'Observed_samples': {'Present_SOLO_SR': 8912, 'Present_SOLO_R': 8722, 'Present_SOLO_S': 190}, 'Additional grading criteria applied': None, 'FINAL CONFIDENCE GRADING': '1) Assoc w R', 'INITIAL CONFIDENCE GRADING': '1) Assoc w R', 'WHO HGVS': 'rpoB_p.Ser450Leu'}",rpoB_S450L
site.04.subj.01641.lab.730253.iso.1,S450L,WHO-UCN-GTB-PCI-2023.5,2.0,RFUS,RIF,rpoB,R,"{'Observed_samples': {'Present_SOLO_SR': 8912, 'Present_SOLO_R': 8722, 'Present_SOLO_S': 190}, 'Additional grading criteria applied': None, 'FINAL CONFIDENCE GRADING': '1) Assoc w R', 'INITIAL CONFIDENCE GRADING': '1) Assoc w R', 'WHO HGVS': 'rpoB_p.Ser450Leu'}",rpoB_S450L
site.05.subj.LR-3798.lab.CR-00742-17.iso.1,S450L,WHO-UCN-GTB-PCI-2023.5,2.0,RFUS,RIF,rpoB,R,"{'Observed_samples': {'Present_SOLO_SR': 8912, 'Present_SOLO_R': 8722, 'Present_SOLO_S': 190}, 'Additional grading criteria applied': None, 'FINAL CONFIDENCE GRADING': '1) Assoc w R', 'INITIAL CONFIDENCE GRADING': '1) Assoc w R', 'WHO HGVS': 'rpoB_p.Ser450Leu'}",rpoB_S450L
site.05.subj.LR-2502.lab.FN-01440-17.iso.1,S450L,WHO-UCN-GTB-PCI-2023.5,2.0,RFUS,RIF,rpoB,R,"{'Observed_samples': {'Present_SOLO_SR': 8912, 'Present_SOLO_R': 8722, 'Present_SOLO_S': 190}, 'Additional grading criteria applied': None, 'FINAL CONFIDENCE GRADING': '1) Assoc w R', 'INITIAL CONFIDENCE GRADING': '1) Assoc w R', 'WHO HGVS': 'rpoB_p.Ser450Leu'}",rpoB_S450L
site.04.subj.03167.lab.824750.iso.1,S450L,WHO-UCN-GTB-PCI-2023.5,2.0,RFUS,RIF,rpoB,R,"{'Observed_samples': {'Present_SOLO_SR': 8912, 'Present_SOLO_R': 8722, 'Present_SOLO_S': 190}, 'Additional grading criteria applied': None, 'FINAL CONFIDENCE GRADING': '1) Assoc w R', 'INITIAL CONFIDENCE GRADING': '1) Assoc w R', 'WHO HGVS': 'rpoB_p.Ser450Leu'}",rpoB_S450L
site.04.subj.03097.lab.821978.iso.1,S450L,WHO-UCN-GTB-PCI-2023.5,2.0,RFUS,RIF,rpoB,R,"{'Observed_samples': {'Present_SOLO_SR': 8912, 'Present_SOLO_R': 8722, 'Present_SOLO_S': 190}, 'Additional grading criteria applied': None, 'FINAL CONFIDENCE GRADING': '1) Assoc w R', 'INITIAL CONFIDENCE GRADING': '1) Assoc w R', 'WHO HGVS': 'rpoB_p.Ser450Leu'}",rpoB_S450L
site.04.subj.04350.lab.902095.iso.1,S450W,WHO-UCN-GTB-PCI-2023.5,2.0,RFUS,RIF,rpoB,R,"{'Observed_samples': {'Present_SOLO_SR': 192, 'Present_SOLO_R': 187, 'Present_SOLO_S': 5}, 'Additional grading criteria applied': None, 'FINAL CONFIDENCE GRADING': '1) Assoc w R', 'INITIAL CONFIDENCE GRADING': '1) Assoc w R', 'WHO HGVS': 'rpoB_p.Ser450Trp'}",rpoB_S450W
site.04.subj.04499.lab.904068.iso.1,S450L,WHO-UCN-GTB-PCI-2023.5,2.0,RFUS,RIF,rpoB,R,"{'Observed_samples': {'Present_SOLO_SR': 8912, 'Present_SOLO_R': 8722, 'Present_SOLO_S': 190}, 'Additional grading criteria applied': None, 'FINAL CONFIDENCE GRADING': '1) Assoc w R', 'INITIAL CONFIDENCE GRADING': '1) Assoc w R', 'WHO HGVS': 'rpoB_p.Ser450Leu'}",rpoB_S450L
site.04.subj.06740.lab.929670.iso.1,H445Y,WHO-UCN-GTB-PCI-2023.5,2.0,RFUS,RIF,rpoB,R,"{'Observed_samples': {'Present_SOLO_SR': 484, 'Present_SOLO_R': 477, 'Present_SOLO_S': 7}, 'Additional grading criteria applied': None, 'FINAL CONFIDENCE GRADING': '1) Assoc w R', 'INITIAL CONFIDENCE GRADING': '1) Assoc w R', 'WHO HGVS': 'rpoB_p.His445Tyr'}",rpoB_H445Y
site.08.subj.BTN_P222_16.lab.BTN_P222_16.iso.1,D435V,WHO-UCN-GTB-PCI-2023.5,2.0,RFUS,RIF,rpoB,R,"{'Observed_samples': {'Present_SOLO_SR': 1096, 'Present_SOLO_R': 1083, 'Present_SOLO_S': 13}, 'Additional grading criteria applied': None, 'FINAL CONFIDENCE GRADING': '1) Assoc w R', 'INITIAL CONFIDENCE GRADING': '1) Assoc w R', 'WHO HGVS': 'rpoB_p.Asp435Val'}",rpoB_D435V
site.01.subj.DR0182.lab.DR0182.iso.1,S450L,WHO-UCN-GTB-PCI-2023.5,2.0,RFUS,RIF,rpoB,R,"{'Observed_samples': {'Present_SOLO_SR': 8912, 'Present_SOLO_R': 8722, 'Present_SOLO_S': 190}, 'Additional grading criteria applied': None, 'FINAL CONFIDENCE GRADING': '1) Assoc w R', 'INITIAL CONFIDENCE GRADING': '1) Assoc w R', 'WHO HGVS': 'rpoB_p.Ser450Leu'}",rpoB_S450L
site.03.subj.3456-15_LIB9946.lab.3456-15_LIB9946.iso.1,H445L,WHO-UCN-GTB-PCI-2023.5,2.0,RFUS,RIF,rpoB,R,"{'Observed_samples': {'Present_SOLO_SR': 210, 'Present_SOLO_R': 192, 'Present_SOLO_S': 18}, 'Additional grading criteria applied': None, 'FINAL CONFIDENCE GRADING': '1) Assoc w R', 'INITIAL CONFIDENCE GRADING': '1) Assoc w R', 'WHO HGVS': 'rpoB_p.His445Leu'}",rpoB_H445L
site.08.subj.24TB00-005.lab.2246.iso.1,S450L,WHO-UCN-GTB-PCI-2023.5,2.0,RFUS,RIF,rpoB,R,"{'Observed_samples': {'Present_SOLO_SR': 8912, 'Present_SOLO_R': 8722, 'Present_SOLO_S': 190}, 'Additional grading criteria applied': None, 'FINAL CONFIDENCE GRADING': '1) Assoc w R', 'INITIAL CONFIDENCE GRADING': '1) Assoc w R', 'WHO HGVS': 'rpoB_p.Ser450Leu'}",rpoB_S450L
site.10.subj.YA00028377.lab.YA00028377.iso.1,S450L,WHO-UCN-GTB-PCI-2023.5,2.0,RFUS,RIF,rpoB,R,"{'Observed_samples': {'Present_SOLO_SR': 8912, 'Present_SOLO_R': 8722, 'Present_SOLO_S': 190}, 'Additional grading criteria applied': None, 'FINAL CONFIDENCE GRADING': '1) Assoc w R', 'INITIAL CONFIDENCE GRADING': '1) Assoc w R', 'WHO HGVS': 'rpoB_p.Ser450Leu'}",rpoB_S450L
site.05.subj.LS-1669.lab.MA-01736-19.iso.1,S450L,WHO-UCN-GTB-PCI-2023.5,2.0,RFUS,RIF,rpoB,R,"{'Observed_samples': {'Present_SOLO_SR': 8912, 'Present_SOLO_R': 8722, 'Present_SOLO_S': 190}, 'Additional grading criteria applied': None, 'FINAL CONFIDENCE GRADING': '1) Assoc w R', 'INITIAL CONFIDENCE GRADING': '1) Assoc w R', 'WHO HGVS': 'rpoB_p.Ser450Leu'}",rpoB_S450L
site.14.subj.3753.lab.3753.iso.1,S450L,WHO-UCN-GTB-PCI-2023.5,2.0,RFUS,RIF,rpoB,R,"{'Observed_samples': {'Present_SOLO_SR': 8912, 'Present_SOLO_R': 8722, 'Present_SOLO_S': 190}, 'Additional grading criteria applied': None, 'FINAL CONFIDENCE GRADING': '1) Assoc w R', 'INITIAL CONFIDENCE GRADING': '1) Assoc w R', 'WHO HGVS': 'rpoB_p.Ser450Leu'}",rpoB_S450L
site.08.subj.BTN_P335_18.lab.BTN_P335_18.iso.1,S450L,WHO-UCN-GTB-PCI-2023.5,2.0,RFUS,RIF,rpoB,R,"{'Observed_samples': {'Present_SOLO_SR': 8912, 'Present_SOLO_R': 8722, 'Present_SOLO_S': 190}, 'Additional grading criteria applied': None, 'FINAL CONFIDENCE GRADING': '1) Assoc w R', 'INITIAL CONFIDENCE GRADING': '1) Assoc w R', 'WHO HGVS': 'rpoB_p.Ser450Leu'}",rpoB_S450L
site.03.subj.11683-95_LIB8604.lab.11683-95_LIB8604.iso.1,S450L,WHO-UCN-GTB-PCI-2023.5,2.0,RFUS,RIF,rpoB,R,"{'Observed_samples': {'Present_SOLO_SR': 8912, 'Present_SOLO_R': 8722, 'Present_SOLO_S': 190}, 'Additional grading criteria applied': None, 'FINAL CONFIDENCE GRADING': '1) Assoc w R', 'INITIAL CONFIDENCE GRADING': '1) Assoc w R', 'WHO HGVS': 'rpoB_p.Ser450Leu'}",rpoB_S450L
site.04.subj.03448.lab.827388.iso.1,S450L,WHO-UCN-GTB-PCI-2023.5,2.0,RFUS,RIF,rpoB,R,"{'Observed_samples': {'Present_SOLO_SR': 8912, 'Present_SOLO_R': 8722, 'Present_SOLO_S': 190}, 'Additional grading criteria applied': None, 'FINAL CONFIDENCE GRADING': '1) Assoc w R', 'INITIAL CONFIDENCE GRADING': '1) Assoc w R', 'WHO HGVS': 'rpoB_p.Ser450Leu'}",rpoB_S450L
site.ENA.subj.SAMEA2533792.lab.1.iso.1,S450L,WHO-UCN-GTB-PCI-2023.5,2.0,RFUS,RIF,rpoB,R,"{'Observed_samples': {'Present_SOLO_SR': 8912, 'Present_SOLO_R': 8722, 'Present_SOLO_S': 190}, 'Additional grading criteria applied': None, 'FINAL CONFIDENCE GRADING': '1) Assoc w R', 'INITIAL CONFIDENCE GRADING': '1) Assoc w R', 'WHO HGVS': 'rpoB_p.Ser450Leu'}",rpoB_S450L
site.04.subj.04694.lab.907694.iso.1,S450L,WHO-UCN-GTB-PCI-2023.5,2.0,RFUS,RIF,rpoB,R,"{'Observed_samples': {'Present_SOLO_SR': 8912, 'Present_SOLO_R': 8722, 'Present_SOLO_S': 190}, 'Additional grading criteria applied': None, 'FINAL CONFIDENCE GRADING': '1) Assoc w R', 'INITIAL CONFIDENCE GRADING': '1) Assoc w R', 'WHO HGVS': 'rpoB_p.Ser450Leu'}",rpoB_S450L
site.04.subj.05912.lab.942861.iso.1,L430P,WHO-UCN-GTB-PCI-2023.5,2.0,RFUS,RIF,rpoB,R,"{'Observed_samples': {'Present_SOLO_SR': 208, 'Present_SOLO_R': 53, 'Present_SOLO_S': 155}, 'Additional grading criteria applied': 'Borderline', 'FINAL CONFIDENCE GRADING': '1) Assoc w R', 'INITIAL CONFIDENCE GRADING': '3) Uncertain significance', 'WHO HGVS': 'rpoB_p.Leu430Pro'}",rpoB_L430P
site.04.subj.05976.lab.916301.iso.1,S450L,WHO-UCN-GTB-PCI-2023.5,2.0,RFUS,RIF,rpoB,R,"{'Observed_samples': {'Present_SOLO_SR': 8912, 'Present_SOLO_R': 8722, 'Present_SOLO_S': 190}, 'Additional grading criteria applied': None, 'FINAL CONFIDENCE GRADING': '1) Assoc w R', 'INITIAL CONFIDENCE GRADING': '1) Assoc w R', 'WHO HGVS': 'rpoB_p.Ser450Leu'}",rpoB_S450L
site.04.subj.01053.lab.714898.iso.1,S450L,WHO-UCN-GTB-PCI-2023.5,2.0,RFUS,RIF,rpoB,R,"{'Observed_samples': {'Present_SOLO_SR': 8912, 'Present_SOLO_R': 8722, 'Present_SOLO_S': 190}, 'Additional grading criteria applied': None, 'FINAL CONFIDENCE GRADING': '1) Assoc w R', 'INITIAL CONFIDENCE GRADING': '1) Assoc w R', 'WHO HGVS': 'rpoB_p.Ser450Leu'}",rpoB_S450L
site.ENA.subj.SAMN03648752.lab.1.iso.1,S450L,WHO-UCN-GTB-PCI-2023.5,2.0,RFUS,RIF,rpoB,R,"{'Observed_samples': {'Present_SOLO_SR': 8912, 'Present_SOLO_R': 8722, 'Present_SOLO_S': 190}, 'Additional grading criteria applied': None, 'FINAL CONFIDENCE GRADING': '1) Assoc w R', 'INITIAL CONFIDENCE GRADING': '1) Assoc w R', 'WHO HGVS': 'rpoB_p.Ser450Leu'}",rpoB_S450L
site.04.subj.04891.lab.907806.iso.1,S450L,WHO-UCN-GTB-PCI-2023.5,2.0,RFUS,RIF,rpoB,R,"{'Observed_samples': {'Present_SOLO_SR': 8912, 'Present_SOLO_R': 8722, 'Present_SOLO_S': 190}, 'Additional grading criteria applied': None, 'FINAL CONFIDENCE GRADING': '1) Assoc w R', 'INITIAL CONFIDENCE GRADING': '1) Assoc w R', 'WHO HGVS': 'rpoB_p.Ser450Leu'}",rpoB_S450L
site.05.subj.LI2174109.lab.14893_2_18.iso.1,S450L,WHO-UCN-GTB-PCI-2023.5,2.0,RFUS,RIF,rpoB,R,"{'Observed_samples': {'Present_SOLO_SR': 8912, 'Present_SOLO_R': 8722, 'Present_SOLO_S': 190}, 'Additional grading criteria applied': None, 'FINAL CONFIDENCE GRADING': '1) Assoc w R', 'INITIAL CONFIDENCE GRADING': '1) Assoc w R', 'WHO HGVS': 'rpoB_p.Ser450Leu'}",rpoB_S450L
site.05.subj.LR-2285.lab.FN-00492-18.iso.1,S450L,WHO-UCN-GTB-PCI-2023.5,2.0,RFUS,RIF,rpoB,R,"{'Observed_samples': {'Present_SOLO_SR': 8912, 'Present_SOLO_R': 8722, 'Present_SOLO_S': 190}, 'Additional grading criteria applied': None, 'FINAL CONFIDENCE GRADING': '1) Assoc w R', 'INITIAL CONFIDENCE GRADING': '1) Assoc w R', 'WHO HGVS': 'rpoB_p.Ser450Leu'}",rpoB_S450L
site.04.subj.01173.lab.720348.iso.1,S450L,WHO-UCN-GTB-PCI-2023.5,2.0,RFUS,RIF,rpoB,R,"{'Observed_samples': {'Present_SOLO_SR': 8912, 'Present_SOLO_R': 8722, 'Present_SOLO_S': 190}, 'Additional grading criteria applied': None, 'FINAL CONFIDENCE GRADING': '1) Assoc w R', 'INITIAL CONFIDENCE GRADING': '1) Assoc w R', 'WHO HGVS': 'rpoB_p.Ser450Leu'}",rpoB_S450L
site.14.subj.4411.lab.4411.iso.1,S450L,WHO-UCN-GTB-PCI-2023.5,2.0,RFUS,RIF,rpoB,R,"{'Observed_samples': {'Present_SOLO_SR': 8912, 'Present_SOLO_R': 8722, 'Present_SOLO_S': 190}, 'Additional grading criteria applied': None, 'FINAL CONFIDENCE GRADING': '1) Assoc w R', 'INITIAL CONFIDENCE GRADING': '1) Assoc w R', 'WHO HGVS': 'rpoB_p.Ser450Leu'}",rpoB_S450L
site.04.subj.02089.lab.804183.iso.1,L430P,WHO-UCN-GTB-PCI-2023.5,2.0,RFUS,RIF,rpoB,R,"{'Observed_samples': {'Present_SOLO_SR': 208, 'Present_SOLO_R': 53, 'Present_SOLO_S': 155}, 'Additional grading criteria applied': 'Borderline', 'FINAL CONFIDENCE GRADING': '1) Assoc w R', 'INITIAL CONFIDENCE GRADING': '3) Uncertain significance', 'WHO HGVS': 'rpoB_p.Leu430Pro'}",rpoB_L430P
site.10.subj.LA00905636.lab.LA00905636.iso.1,S450L,WHO-UCN-GTB-PCI-2023.5,2.0,RFUS,RIF,rpoB,R,"{'Observed_samples': {'Present_SOLO_SR': 8912, 'Present_SOLO_R': 8722, 'Present_SOLO_S': 190}, 'Additional grading criteria applied': None, 'FINAL CONFIDENCE GRADING': '1) Assoc w R', 'INITIAL CONFIDENCE GRADING': '1) Assoc w R', 'WHO HGVS': 'rpoB_p.Ser450Leu'}",rpoB_S450L
site.04.subj.06969.lab.942067.iso.1,S450L,WHO-UCN-GTB-PCI-2023.5,2.0,RFUS,RIF,rpoB,R,"{'Observed_samples': {'Present_SOLO_SR': 8912, 'Present_SOLO_R': 8722, 'Present_SOLO_S': 190}, 'Additional grading criteria applied': None, 'FINAL CONFIDENCE GRADING': '1) Assoc w R', 'INITIAL CONFIDENCE GRADING': '1) Assoc w R', 'WHO HGVS': 'rpoB_p.Ser450Leu'}",rpoB_S450L
site.06.subj.N1744.lab.06MIL1483.iso.1,H445Y,WHO-UCN-GTB-PCI-2023.5,2.0,RFUS,RIF,rpoB,R,"{'Observed_samples': {'Present_SOLO_SR': 484, 'Present_SOLO_R': 477, 'Present_SOLO_S': 7}, 'Additional grading criteria applied': None, 'FINAL CONFIDENCE GRADING': '1) Assoc w R', 'INITIAL CONFIDENCE GRADING': '1) Assoc w R', 'WHO HGVS': 'rpoB_p.His445Tyr'}",rpoB_H445Y
site.03.subj.8470-98_LIB10276.lab.8470-98_LIB10276.iso.1,H445D,WHO-UCN-GTB-PCI-2023.5,2.0,RFUS,RIF,rpoB,R,"{'Observed_samples': {'Present_SOLO_SR': 574, 'Present_SOLO_R': 565, 'Present_SOLO_S': 9}, 'Additional grading criteria applied': None, 'FINAL CONFIDENCE GRADING': '1) Assoc w R', 'INITIAL CONFIDENCE GRADING': '1) Assoc w R', 'WHO HGVS': 'rpoB_p.His445Asp'}",rpoB_H445D
site.04.subj.06091.lab.924841.iso.1,S450L,WHO-UCN-GTB-PCI-2023.5,2.0,RFUS,RIF,rpoB,R,"{'Observed_samples': {'Present_SOLO_SR': 8912, 'Present_SOLO_R': 8722, 'Present_SOLO_S': 190}, 'Additional grading criteria applied': None, 'FINAL CONFIDENCE GRADING': '1) Assoc w R', 'INITIAL CONFIDENCE GRADING': '1) Assoc w R', 'WHO HGVS': 'rpoB_p.Ser450Leu'}",rpoB_S450L
site.24.subj.PT-705.lab.2019-153.iso.1,S450L,WHO-UCN-GTB-PCI-2023.5,2.0,RFUS,RIF,rpoB,R,"{'Observed_samples': {'Present_SOLO_SR': 8912, 'Present_SOLO_R': 8722, 'Present_SOLO_S': 190}, 'Additional grading criteria applied': None, 'FINAL CONFIDENCE GRADING': '1) Assoc w R', 'INITIAL CONFIDENCE GRADING': '1) Assoc w R', 'WHO HGVS': 'rpoB_p.Ser450Leu'}",rpoB_S450L
site.08.subj.02TB1654.lab.20946.iso.1,S450L,WHO-UCN-GTB-PCI-2023.5,2.0,RFUS,RIF,rpoB,R,"{'Observed_samples': {'Present_SOLO_SR': 8912, 'Present_SOLO_R': 8722, 'Present_SOLO_S': 190}, 'Additional grading criteria applied': None, 'FINAL CONFIDENCE GRADING': '1) Assoc w R', 'INITIAL CONFIDENCE GRADING': '1) Assoc w R', 'WHO HGVS': 'rpoB_p.Ser450Leu'}",rpoB_S450L
site.03.subj.17250-15_LIB7877.lab.17250-15_LIB7877.iso.1,H445C,WHO-UCN-GTB-PCI-2023.5,2.0,RFUS,RIF,rpoB,R,"{'Observed_samples': {'Present_SOLO_SR': 71, 'Present_SOLO_R': 65, 'Present_SOLO_S': 6}, 'Additional grading criteria applied': None, 'FINAL CONFIDENCE GRADING': '1) Assoc w R', 'INITIAL CONFIDENCE GRADING': '1) Assoc w R', 'WHO HGVS': 'rpoB_p.His445Cys'}",rpoB_H445C
site.04.subj.01516.lab.728189.iso.1,S450L,WHO-UCN-GTB-PCI-2023.5,2.0,RFUS,RIF,rpoB,R,"{'Observed_samples': {'Present_SOLO_SR': 8912, 'Present_SOLO_R': 8722, 'Present_SOLO_S': 190}, 'Additional grading criteria applied': None, 'FINAL CONFIDENCE GRADING': '1) Assoc w R', 'INITIAL CONFIDENCE GRADING': '1) Assoc w R', 'WHO HGVS': 'rpoB_p.Ser450Leu'}",rpoB_S450L
site.04.subj.00927.lab.716467.iso.1,S450L,WHO-UCN-GTB-PCI-2023.5,2.0,RFUS,RIF,rpoB,R,"{'Observed_samples': {'Present_SOLO_SR': 8912, 'Present_SOLO_R': 8722, 'Present_SOLO_S': 190}, 'Additional grading criteria applied': None, 'FINAL CONFIDENCE GRADING': '1) Assoc w R', 'INITIAL CONFIDENCE GRADING': '1) Assoc w R', 'WHO HGVS': 'rpoB_p.Ser450Leu'}",rpoB_S450L
site.ENA.subj.SAMN03648040.lab.1.iso.1,I491F,WHO-UCN-GTB-PCI-2023.5,2.0,RFUS,RIF,rpoB,R,"{'Observed_samples': {'Present_SOLO_SR': 173, 'Present_SOLO_R': 96, 'Present_SOLO_S': 77}, 'Additional grading criteria applied': 'Borderline', 'FINAL CONFIDENCE GRADING': '1) Assoc w R', 'INITIAL CONFIDENCE GRADING': '1) Assoc w R', 'WHO HGVS': 'rpoB_p.Ile491Phe'}",rpoB_I491F
site.07.subj.FD_127_2720.lab.11_0601764.iso.1,D435Y,WHO-UCN-GTB-PCI-2023.5,2.0,RFUS,RIF,rpoB,R,"{'Observed_samples': {'Present_SOLO_SR': 251, 'Present_SOLO_R': 178, 'Present_SOLO_S': 73}, 'Additional grading criteria applied': None, 'FINAL CONFIDENCE GRADING': '1) Assoc w R', 'INITIAL CONFIDENCE GRADING': '1) Assoc w R', 'WHO HGVS': 'rpoB_p.Asp435Tyr'}",rpoB_D435Y
site.03.subj.11142.lab.IML-00808.iso.1,S450L,WHO-UCN-GTB-PCI-2023.5,2.0,RFUS,RIF,rpoB,R,"{'Observed_samples': {'Present_SOLO_SR': 8912, 'Present_SOLO_R': 8722, 'Present_SOLO_S': 190}, 'Additional grading criteria applied': None, 'FINAL CONFIDENCE GRADING': '1) Assoc w R', 'INITIAL CONFIDENCE GRADING': '1) Assoc w R', 'WHO HGVS': 'rpoB_p.Ser450Leu'}",rpoB_S450L
site.03.subj.10356-00_LIB10835.lab.10356-00_LIB10835.iso.1,S450L,WHO-UCN-GTB-PCI-2023.5,2.0,RFUS,RIF,rpoB,R,"{'Observed_samples': {'Present_SOLO_SR': 8912, 'Present_SOLO_R': 8722, 'Present_SOLO_S': 190}, 'Additional grading criteria applied': None, 'FINAL CONFIDENCE GRADING': '1) Assoc w R', 'INITIAL CONFIDENCE GRADING': '1) Assoc w R', 'WHO HGVS': 'rpoB_p.Ser450Leu'}",rpoB_S450L
site.04.subj.02058.lab.803420.iso.1,S450L,WHO-UCN-GTB-PCI-2023.5,2.0,RFUS,RIF,rpoB,R,"{'Observed_samples': {'Present_SOLO_SR': 8912, 'Present_SOLO_R': 8722, 'Present_SOLO_S': 190}, 'Additional grading criteria applied': None, 'FINAL CONFIDENCE GRADING': '1) Assoc w R', 'INITIAL CONFIDENCE GRADING': '1) Assoc w R', 'WHO HGVS': 'rpoB_p.Ser450Leu'}",rpoB_S450L
site.03.subj.9446-00_LIB11099.lab.9446-00_LIB11099.iso.1,H445D,WHO-UCN-GTB-PCI-2023.5,2.0,RFUS,RIF,rpoB,R,"{'Observed_samples': {'Present_SOLO_SR': 574, 'Present_SOLO_R': 565, 'Present_SOLO_S': 9}, 'Additional grading criteria applied': None, 'FINAL CONFIDENCE GRADING': '1) Assoc w R', 'INITIAL CONFIDENCE GRADING': '1) Assoc w R', 'WHO HGVS': 'rpoB_p.His445Asp'}",rpoB_H445D
site.04.subj.01579.lab.730821.iso.1,S450L,WHO-UCN-GTB-PCI-2023.5,2.0,RFUS,RIF,rpoB,R,"{'Observed_samples': {'Present_SOLO_SR': 8912, 'Present_SOLO_R': 8722, 'Present_SOLO_S': 190}, 'Additional grading criteria applied': None, 'FINAL CONFIDENCE GRADING': '1) Assoc w R', 'INITIAL CONFIDENCE GRADING': '1) Assoc w R', 'WHO HGVS': 'rpoB_p.Ser450Leu'}",rpoB_S450L
site.04.subj.06866.lab.951642.iso.1,S450L,WHO-UCN-GTB-PCI-2023.5,2.0,RFUS,RIF,rpoB,R,"{'Observed_samples': {'Present_SOLO_SR': 8912, 'Present_SOLO_R': 8722, 'Present_SOLO_S': 190}, 'Additional grading criteria applied': None, 'FINAL CONFIDENCE GRADING': '1) Assoc w R', 'INITIAL CONFIDENCE GRADING': '1) Assoc w R', 'WHO HGVS': 'rpoB_p.Ser450Leu'}",rpoB_S450L
site.04.subj.04762.lab.933958.iso.1,S450L,WHO-UCN-GTB-PCI-2023.5,2.0,RFUS,RIF,rpoB,R,"{'Observed_samples': {'Present_SOLO_SR': 8912, 'Present_SOLO_R': 8722, 'Present_SOLO_S': 190}, 'Additional grading criteria applied': None, 'FINAL CONFIDENCE GRADING': '1) Assoc w R', 'INITIAL CONFIDENCE GRADING': '1) Assoc w R', 'WHO HGVS': 'rpoB_p.Ser450Leu'}",rpoB_S450L
site.04.subj.06807.lab.950586.iso.1,S450L,WHO-UCN-GTB-PCI-2023.5,2.0,RFUS,RIF,rpoB,R,"{'Observed_samples': {'Present_SOLO_SR': 8912, 'Present_SOLO_R': 8722, 'Present_SOLO_S': 190}, 'Additional grading criteria applied': None, 'FINAL CONFIDENCE GRADING': '1) Assoc w R', 'INITIAL CONFIDENCE GRADING': '1) Assoc w R', 'WHO HGVS': 'rpoB_p.Ser450Leu'}",rpoB_S450L
site.ENA.subj.SAMEA1403715.lab.1.iso.1,H445D,WHO-UCN-GTB-PCI-2023.5,2.0,RFUS,RIF,rpoB,R,"{'Observed_samples': {'Present_SOLO_SR': 574, 'Present_SOLO_R': 565, 'Present_SOLO_S': 9}, 'Additional grading criteria applied': None, 'FINAL CONFIDENCE GRADING': '1) Assoc w R', 'INITIAL CONFIDENCE GRADING': '1) Assoc w R', 'WHO HGVS': 'rpoB_p.His445Asp'}",rpoB_H445D
site.07.subj.FD_127_3489.lab.11_0613271.iso.1,I491F,WHO-UCN-GTB-PCI-2023.5,2.0,RFUS,RIF,rpoB,R,"{'Observed_samples': {'Present_SOLO_SR': 173, 'Present_SOLO_R': 96, 'Present_SOLO_S': 77}, 'Additional grading criteria applied': 'Borderline', 'FINAL CONFIDENCE GRADING': '1) Assoc w R', 'INITIAL CONFIDENCE GRADING': '1) Assoc w R', 'WHO HGVS': 'rpoB_p.Ile491Phe'}",rpoB_I491F
site.04.subj.03514.lab.829103.iso.1,S450L,WHO-UCN-GTB-PCI-2023.5,2.0,RFUS,RIF,rpoB,R,"{'Observed_samples': {'Present_SOLO_SR': 8912, 'Present_SOLO_R': 8722, 'Present_SOLO_S': 190}, 'Additional grading criteria applied': None, 'FINAL CONFIDENCE GRADING': '1) Assoc w R', 'INITIAL CONFIDENCE GRADING': '1) Assoc w R', 'WHO HGVS': 'rpoB_p.Ser450Leu'}",rpoB_S450L
site.08.subj.BTN_P148_17.lab.BTN_P148_17.iso.1,S450L,WHO-UCN-GTB-PCI-2023.5,2.0,RFUS,RIF,rpoB,R,"{'Observed_samples': {'Present_SOLO_SR': 8912, 'Present_SOLO_R': 8722, 'Present_SOLO_S': 190}, 'Additional grading criteria applied': None, 'FINAL CONFIDENCE GRADING': '1) Assoc w R', 'INITIAL CONFIDENCE GRADING': '1) Assoc w R', 'WHO HGVS': 'rpoB_p.Ser450Leu'}",rpoB_S450L
site.04.subj.00655.lab.715050.iso.1,D435V,WHO-UCN-GTB-PCI-2023.5,2.0,RFUS,RIF,rpoB,R,"{'Observed_samples': {'Present_SOLO_SR': 1096, 'Present_SOLO_R': 1083, 'Present_SOLO_S': 13}, 'Additional grading criteria applied': None, 'FINAL CONFIDENCE GRADING': '1) Assoc w R', 'INITIAL CONFIDENCE GRADING': '1) Assoc w R', 'WHO HGVS': 'rpoB_p.Asp435Val'}",rpoB_D435V
site.05.subj.LR-2515.lab.FN-01195-18.iso.1,S450L,WHO-UCN-GTB-PCI-2023.5,2.0,RFUS,RIF,rpoB,R,"{'Observed_samples': {'Present_SOLO_SR': 8912, 'Present_SOLO_R': 8722, 'Present_SOLO_S': 190}, 'Additional grading criteria applied': None, 'FINAL CONFIDENCE GRADING': '1) Assoc w R', 'INITIAL CONFIDENCE GRADING': '1) Assoc w R', 'WHO HGVS': 'rpoB_p.Ser450Leu'}",rpoB_S450L
site.04.subj.04407.lab.903102.iso.1,S450L,WHO-UCN-GTB-PCI-2023.5,2.0,RFUS,RIF,rpoB,R,"{'Observed_samples': {'Present_SOLO_SR': 8912, 'Present_SOLO_R': 8722, 'Present_SOLO_S': 190}, 'Additional grading criteria applied': None, 'FINAL CONFIDENCE GRADING': '1) Assoc w R', 'INITIAL CONFIDENCE GRADING': '1) Assoc w R', 'WHO HGVS': 'rpoB_p.Ser450Leu'}",rpoB_S450L
site.04.subj.03145.lab.824025.iso.1,S450L,WHO-UCN-GTB-PCI-2023.5,2.0,RFUS,RIF,rpoB,R,"{'Observed_samples': {'Present_SOLO_SR': 8912, 'Present_SOLO_R': 8722, 'Present_SOLO_S': 190}, 'Additional grading criteria applied': None, 'FINAL CONFIDENCE GRADING': '1) Assoc w R', 'INITIAL CONFIDENCE GRADING': '1) Assoc w R', 'WHO HGVS': 'rpoB_p.Ser450Leu'}",rpoB_S450L
site.08.subj.02TB1449.lab.21661.iso.1,S450L,WHO-UCN-GTB-PCI-2023.5,2.0,RFUS,RIF,rpoB,R,"{'Observed_samples': {'Present_SOLO_SR': 8912, 'Present_SOLO_R': 8722, 'Present_SOLO_S': 190}, 'Additional grading criteria applied': None, 'FINAL CONFIDENCE GRADING': '1) Assoc w R', 'INITIAL CONFIDENCE GRADING': '1) Assoc w R', 'WHO HGVS': 'rpoB_p.Ser450Leu'}",rpoB_S450L
site.17.subj.K0048.lab.123-20-0048-1000.iso.1,S450L,WHO-UCN-GTB-PCI-2023.5,2.0,RFUS,RIF,rpoB,R,"{'Observed_samples': {'Present_SOLO_SR': 8912, 'Present_SOLO_R': 8722, 'Present_SOLO_S': 190}, 'Additional grading criteria applied': None, 'FINAL CONFIDENCE GRADING': '1) Assoc w R', 'INITIAL CONFIDENCE GRADING': '1) Assoc w R', 'WHO HGVS': 'rpoB_p.Ser450Leu'}",rpoB_S450L
site.04.subj.06198.lab.926450.iso.1,S450L,WHO-UCN-GTB-PCI-2023.5,2.0,RFUS,RIF,rpoB,R,"{'Observed_samples': {'Present_SOLO_SR': 8912, 'Present_SOLO_R': 8722, 'Present_SOLO_S': 190}, 'Additional grading criteria applied': None, 'FINAL CONFIDENCE GRADING': '1) Assoc w R', 'INITIAL CONFIDENCE GRADING': '1) Assoc w R', 'WHO HGVS': 'rpoB_p.Ser450Leu'}",rpoB_S450L
site.ENA.subj.SAMEA1403636.lab.1.iso.1,S450L,WHO-UCN-GTB-PCI-2023.5,2.0,RFUS,RIF,rpoB,R,"{'Observed_samples': {'Present_SOLO_SR': 8912, 'Present_SOLO_R': 8722, 'Present_SOLO_S': 190}, 'Additional grading criteria applied': None, 'FINAL CONFIDENCE GRADING': '1) Assoc w R', 'INITIAL CONFIDENCE GRADING': '1) Assoc w R', 'WHO HGVS': 'rpoB_p.Ser450Leu'}",rpoB_S450L
site.10.subj.YA00090519.lab.YA00090519.iso.1,H445D,WHO-UCN-GTB-PCI-2023.5,2.0,RFUS,RIF,rpoB,R,"{'Observed_samples': {'Present_SOLO_SR': 574, 'Present_SOLO_R': 565, 'Present_SOLO_S': 9}, 'Additional grading criteria applied': None, 'FINAL CONFIDENCE GRADING': '1) Assoc w R', 'INITIAL CONFIDENCE GRADING': '1) Assoc w R', 'WHO HGVS': 'rpoB_p.His445Asp'}",rpoB_H445D
site.05.subj.LS-0713.lab.SJ-07260-18.iso.1,S450L,WHO-UCN-GTB-PCI-2023.5,2.0,RFUS,RIF,rpoB,R,"{'Observed_samples': {'Present_SOLO_SR': 8912, 'Present_SOLO_R': 8722, 'Present_SOLO_S': 190}, 'Additional grading criteria applied': None, 'FINAL CONFIDENCE GRADING': '1) Assoc w R', 'INITIAL CONFIDENCE GRADING': '1) Assoc w R', 'WHO HGVS': 'rpoB_p.Ser450Leu'}",rpoB_S450L
site.00.subj.ES_FE21.lab.FE21.iso.1,H445D,WHO-UCN-GTB-PCI-2023.5,2.0,RFUS,RIF,rpoB,R,"{'Observed_samples': {'Present_SOLO_SR': 574, 'Present_SOLO_R': 565, 'Present_SOLO_S': 9}, 'Additional grading criteria applied': None, 'FINAL CONFIDENCE GRADING': '1) Assoc w R', 'INITIAL CONFIDENCE GRADING': '1) Assoc w R', 'WHO HGVS': 'rpoB_p.His445Asp'}",rpoB_H445D
site.28.subj.1371.lab.R12076.iso.1,D435Y,WHO-UCN-GTB-PCI-2023.5,2.0,RFUS,RIF,rpoB,R,"{'Observed_samples': {'Present_SOLO_SR': 251, 'Present_SOLO_R': 178, 'Present_SOLO_S': 73}, 'Additional grading criteria applied': None, 'FINAL CONFIDENCE GRADING': '1) Assoc w R', 'INITIAL CONFIDENCE GRADING': '1) Assoc w R', 'WHO HGVS': 'rpoB_p.Asp435Tyr'}",rpoB_D435Y
site.07.subj.FD_127_3789.lab.14_0606979.iso.1,H445C,WHO-UCN-GTB-PCI-2023.5,2.0,RFUS,RIF,rpoB,R,"{'Observed_samples': {'Present_SOLO_SR': 71, 'Present_SOLO_R': 65, 'Present_SOLO_S': 6}, 'Additional grading criteria applied': None, 'FINAL CONFIDENCE GRADING': '1) Assoc w R', 'INITIAL CONFIDENCE GRADING': '1) Assoc w R', 'WHO HGVS': 'rpoB_p.His445Cys'}",rpoB_H445C
site.06.subj.JHL_0028-14.lab.06MIL0113-R.iso.2,S450L,WHO-UCN-GTB-PCI-2023.5,2.0,RFUS,RIF,rpoB,R,"{'Observed_samples': {'Present_SOLO_SR': 8912, 'Present_SOLO_R': 8722, 'Present_SOLO_S': 190}, 'Additional grading criteria applied': None, 'FINAL CONFIDENCE GRADING': '1) Assoc w R', 'INITIAL CONFIDENCE GRADING': '1) Assoc w R', 'WHO HGVS': 'rpoB_p.Ser450Leu'}",rpoB_S450L
site.03.subj.10823.lab.IML-00975.iso.1,S450L,WHO-UCN-GTB-PCI-2023.5,2.0,RFUS,RIF,rpoB,R,"{'Observed_samples': {'Present_SOLO_SR': 8912, 'Present_SOLO_R': 8722, 'Present_SOLO_S': 190}, 'Additional grading criteria applied': None, 'FINAL CONFIDENCE GRADING': '1) Assoc w R', 'INITIAL CONFIDENCE GRADING': '1) Assoc w R', 'WHO HGVS': 'rpoB_p.Ser450Leu'}",rpoB_S450L
site.04.subj.03317.lab.826189.iso.1,S450L,WHO-UCN-GTB-PCI-2023.5,2.0,RFUS,RIF,rpoB,R,"{'Observed_samples': {'Present_SOLO_SR': 8912, 'Present_SOLO_R': 8722, 'Present_SOLO_S': 190}, 'Additional grading criteria applied': None, 'FINAL CONFIDENCE GRADING': '1) Assoc w R', 'INITIAL CONFIDENCE GRADING': '1) Assoc w R', 'WHO HGVS': 'rpoB_p.Ser450Leu'}",rpoB_S450L
site.03.subj.6981-03_LIB9227.lab.6981-03_LIB9227.iso.1,S450L,WHO-UCN-GTB-PCI-2023.5,2.0,RFUS,RIF,rpoB,R,"{'Observed_samples': {'Present_SOLO_SR': 8912, 'Present_SOLO_R': 8722, 'Present_SOLO_S': 190}, 'Additional grading criteria applied': None, 'FINAL CONFIDENCE GRADING': '1) Assoc w R', 'INITIAL CONFIDENCE GRADING': '1) Assoc w R', 'WHO HGVS': 'rpoB_p.Ser450Leu'}",rpoB_S450L
site.04.subj.00616.lab.707449.iso.1,S450L,WHO-UCN-GTB-PCI-2023.5,2.0,RFUS,RIF,rpoB,R,"{'Observed_samples': {'Present_SOLO_SR': 8912, 'Present_SOLO_R': 8722, 'Present_SOLO_S': 190}, 'Additional grading criteria applied': None, 'FINAL CONFIDENCE GRADING': '1) Assoc w R', 'INITIAL CONFIDENCE GRADING': '1) Assoc w R', 'WHO HGVS': 'rpoB_p.Ser450Leu'}",rpoB_S450L
site.08.subj.02TB1263.lab.18745.iso.1,S450L,WHO-UCN-GTB-PCI-2023.5,2.0,RFUS,RIF,rpoB,R,"{'Observed_samples': {'Present_SOLO_SR': 8912, 'Present_SOLO_R': 8722, 'Present_SOLO_S': 190}, 'Additional grading criteria applied': None, 'FINAL CONFIDENCE GRADING': '1) Assoc w R', 'INITIAL CONFIDENCE GRADING': '1) Assoc w R', 'WHO HGVS': 'rpoB_p.Ser450Leu'}",rpoB_S450L
site.04.subj.00218.lab.629294.iso.1,S450L,WHO-UCN-GTB-PCI-2023.5,2.0,RFUS,RIF,rpoB,R,"{'Observed_samples': {'Present_SOLO_SR': 8912, 'Present_SOLO_R': 8722, 'Present_SOLO_S': 190}, 'Additional grading criteria applied': None, 'FINAL CONFIDENCE GRADING': '1) Assoc w R', 'INITIAL CONFIDENCE GRADING': '1) Assoc w R', 'WHO HGVS': 'rpoB_p.Ser450Leu'}",rpoB_S450L
site.02.subj.0936.lab.22A171.iso.1,S450L,WHO-UCN-GTB-PCI-2023.5,2.0,RFUS,RIF,rpoB,R,"{'Observed_samples': {'Present_SOLO_SR': 8912, 'Present_SOLO_R': 8722, 'Present_SOLO_S': 190}, 'Additional grading criteria applied': None, 'FINAL CONFIDENCE GRADING': '1) Assoc w R', 'INITIAL CONFIDENCE GRADING': '1) Assoc w R', 'WHO HGVS': 'rpoB_p.Ser450Leu'}",rpoB_S450L
site.03.subj.T8704.lab.IML00166.iso.1,S450L,WHO-UCN-GTB-PCI-2023.5,2.0,RFUS,RIF,rpoB,R,"{'Observed_samples': {'Present_SOLO_SR': 8912, 'Present_SOLO_R': 8722, 'Present_SOLO_S': 190}, 'Additional grading criteria applied': None, 'FINAL CONFIDENCE GRADING': '1) Assoc w R', 'INITIAL CONFIDENCE GRADING': '1) Assoc w R', 'WHO HGVS': 'rpoB_p.Ser450Leu'}",rpoB_S450L
site.04.subj.00954.lab.714841.iso.1,S450L,WHO-UCN-GTB-PCI-2023.5,2.0,RFUS,RIF,rpoB,R,"{'Observed_samples': {'Present_SOLO_SR': 8912, 'Present_SOLO_R': 8722, 'Present_SOLO_S': 190}, 'Additional grading criteria applied': None, 'FINAL CONFIDENCE GRADING': '1) Assoc w R', 'INITIAL CONFIDENCE GRADING': '1) Assoc w R', 'WHO HGVS': 'rpoB_p.Ser450Leu'}",rpoB_S450L
site.02.subj.1019.lab.2013183230.iso.1,H445Y,WHO-UCN-GTB-PCI-2023.5,2.0,RFUS,RIF,rpoB,R,"{'Observed_samples': {'Present_SOLO_SR': 484, 'Present_SOLO_R': 477, 'Present_SOLO_S': 7}, 'Additional grading criteria applied': None, 'FINAL CONFIDENCE GRADING': '1) Assoc w R', 'INITIAL CONFIDENCE GRADING': '1) Assoc w R', 'WHO HGVS': 'rpoB_p.His445Tyr'}",rpoB_H445Y
site.07.subj.FD_127_3789.lab.14_0608723.iso.1,H445C,WHO-UCN-GTB-PCI-2023.5,2.0,RFUS,RIF,rpoB,R,"{'Observed_samples': {'Present_SOLO_SR': 71, 'Present_SOLO_R': 65, 'Present_SOLO_S': 6}, 'Additional grading criteria applied': None, 'FINAL CONFIDENCE GRADING': '1) Assoc w R', 'INITIAL CONFIDENCE GRADING': '1) Assoc w R', 'WHO HGVS': 'rpoB_p.His445Cys'}",rpoB_H445C
site.04.subj.06306.lab.941538.iso.1,S450L,WHO-UCN-GTB-PCI-2023.5,2.0,RFUS,RIF,rpoB,R,"{'Observed_samples': {'Present_SOLO_SR': 8912, 'Present_SOLO_R': 8722, 'Present_SOLO_S': 190}, 'Additional grading criteria applied': None, 'FINAL CONFIDENCE GRADING': '1) Assoc w R', 'INITIAL CONFIDENCE GRADING': '1) Assoc w R', 'WHO HGVS': 'rpoB_p.Ser450Leu'}",rpoB_S450L
site.20.subj.SA00103754.lab.YA00134640.iso.1,D435F,WHO-UCN-GTB-PCI-2023.5,2.0,RFUS,RIF,rpoB,R,"{'Observed_samples': {'Present_SOLO_SR': 43, 'Present_SOLO_R': 39, 'Present_SOLO_S': 4}, 'Additional grading criteria applied': None, 'FINAL CONFIDENCE GRADING': '1) Assoc w R', 'INITIAL CONFIDENCE GRADING': '1) Assoc w R', 'WHO HGVS': 'rpoB_p.Asp435Phe'}",rpoB_D435F
site.05.subj.LR-2504.lab.FN-00528-18.iso.1,Q432P,WHO-UCN-GTB-PCI-2023.5,2.0,RFUS,RIF,rpoB,R,"{'Observed_samples': {'Present_SOLO_SR': 52, 'Present_SOLO_R': 51, 'Present_SOLO_S': 1}, 'Additional grading criteria applied': None, 'FINAL CONFIDENCE GRADING': '1) Assoc w R', 'INITIAL CONFIDENCE GRADING': '1) Assoc w R', 'WHO HGVS': 'rpoB_p.Gln432Pro'}",rpoB_Q432P
site.10.subj.SARB00104514_S10.lab.RB00104514_S10.iso.1,H445Y,WHO-UCN-GTB-PCI-2023.5,2.0,RFUS,RIF,rpoB,R,"{'Observed_samples': {'Present_SOLO_SR': 484, 'Present_SOLO_R': 477, 'Present_SOLO_S': 7}, 'Additional grading criteria applied': None, 'FINAL CONFIDENCE GRADING': '1) Assoc w R', 'INITIAL CONFIDENCE GRADING': '1) Assoc w R', 'WHO HGVS': 'rpoB_p.His445Tyr'}",rpoB_H445Y
site.10.subj.YA00164653.lab.YA00164653.iso.1,S450L,WHO-UCN-GTB-PCI-2023.5,2.0,RFUS,RIF,rpoB,R,"{'Observed_samples': {'Present_SOLO_SR': 8912, 'Present_SOLO_R': 8722, 'Present_SOLO_S': 190}, 'Additional grading criteria applied': None, 'FINAL CONFIDENCE GRADING': '1) Assoc w R', 'INITIAL CONFIDENCE GRADING': '1) Assoc w R', 'WHO HGVS': 'rpoB_p.Ser450Leu'}",rpoB_S450L
site.04.subj.06248.lab.926316.iso.1,S450L,WHO-UCN-GTB-PCI-2023.5,2.0,RFUS,RIF,rpoB,R,"{'Observed_samples': {'Present_SOLO_SR': 8912, 'Present_SOLO_R': 8722, 'Present_SOLO_S': 190}, 'Additional grading criteria applied': None, 'FINAL CONFIDENCE GRADING': '1) Assoc w R', 'INITIAL CONFIDENCE GRADING': '1) Assoc w R', 'WHO HGVS': 'rpoB_p.Ser450Leu'}",rpoB_S450L
site.03.subj.INVA01021986.lab.NOR-148_LIB19863.iso.1,S450L,WHO-UCN-GTB-PCI-2023.5,2.0,RFUS,RIF,rpoB,R,"{'Observed_samples': {'Present_SOLO_SR': 8912, 'Present_SOLO_R': 8722, 'Present_SOLO_S': 190}, 'Additional grading criteria applied': None, 'FINAL CONFIDENCE GRADING': '1) Assoc w R', 'INITIAL CONFIDENCE GRADING': '1) Assoc w R', 'WHO HGVS': 'rpoB_p.Ser450Leu'}",rpoB_S450L
site.04.subj.01388.lab.726392.iso.1,S450L,WHO-UCN-GTB-PCI-2023.5,2.0,RFUS,RIF,rpoB,R,"{'Observed_samples': {'Present_SOLO_SR': 8912, 'Present_SOLO_R': 8722, 'Present_SOLO_S': 190}, 'Additional grading criteria applied': None, 'FINAL CONFIDENCE GRADING': '1) Assoc w R', 'INITIAL CONFIDENCE GRADING': '1) Assoc w R', 'WHO HGVS': 'rpoB_p.Ser450Leu'}",rpoB_S450L
site.06.subj.06TB_0987.lab.06MIL1982.iso.2,S450L,WHO-UCN-GTB-PCI-2023.5,2.0,RFUS,RIF,rpoB,R,"{'Observed_samples': {'Present_SOLO_SR': 8912, 'Present_SOLO_R': 8722, 'Present_SOLO_S': 190}, 'Additional grading criteria applied': None, 'FINAL CONFIDENCE GRADING': '1) Assoc w R', 'INITIAL CONFIDENCE GRADING': '1) Assoc w R', 'WHO HGVS': 'rpoB_p.Ser450Leu'}",rpoB_S450L
site.03.subj.1279-99_LIB10278.lab.1279-99_LIB10278.iso.1,S450L,WHO-UCN-GTB-PCI-2023.5,2.0,RFUS,RIF,rpoB,R,"{'Observed_samples': {'Present_SOLO_SR': 8912, 'Present_SOLO_R': 8722, 'Present_SOLO_S': 190}, 'Additional grading criteria applied': None, 'FINAL CONFIDENCE GRADING': '1) Assoc w R', 'INITIAL CONFIDENCE GRADING': '1) Assoc w R', 'WHO HGVS': 'rpoB_p.Ser450Leu'}",rpoB_S450L
site.06.subj.06TB_0994.lab.06MIL1989.iso.1,H445G,WHO-UCN-GTB-PCI-2023.5,2.0,RFUS,RIF,rpoB,R,"{'Observed_samples': {'Present_SOLO_SR': 10, 'Present_SOLO_R': 7, 'Present_SOLO_S': 3}, 'Additional grading criteria applied': 'RRDR', 'FINAL CONFIDENCE GRADING': '2) Assoc w R - Interim', 'INITIAL CONFIDENCE GRADING': '3) Uncertain significance', 'WHO HGVS': 'rpoB_p.His445Gly'}",rpoB_H445G
site.ENA.subj.SAMEA1019276.lab.1.iso.1,V170F,WHO-UCN-GTB-PCI-2023.5,2.0,RFUS,RIF,rpoB,R,"{'Observed_samples': {'Present_SOLO_SR': 41, 'Present_SOLO_R': 40, 'Present_SOLO_S': 1}, 'Additional grading criteria applied': None, 'FINAL CONFIDENCE GRADING': '1) Assoc w R', 'INITIAL CONFIDENCE GRADING': '1) Assoc w R', 'WHO HGVS': 'rpoB_p.Val170Phe'}",rpoB_V170F
site.04.subj.05843.lab.945205.iso.1,S450L,WHO-UCN-GTB-PCI-2023.5,2.0,RFUS,RIF,rpoB,R,"{'Observed_samples': {'Present_SOLO_SR': 8912, 'Present_SOLO_R': 8722, 'Present_SOLO_S': 190}, 'Additional grading criteria applied': None, 'FINAL CONFIDENCE GRADING': '1) Assoc w R', 'INITIAL CONFIDENCE GRADING': '1) Assoc w R', 'WHO HGVS': 'rpoB_p.Ser450Leu'}",rpoB_S450L
site.03.subj.660-97_LIB11290.lab.660-97_LIB11290.iso.1,L430P,WHO-UCN-GTB-PCI-2023.5,2.0,RFUS,RIF,rpoB,R,"{'Observed_samples': {'Present_SOLO_SR': 208, 'Present_SOLO_R': 53, 'Present_SOLO_S': 155}, 'Additional grading criteria applied': 'Borderline', 'FINAL CONFIDENCE GRADING': '1) Assoc w R', 'INITIAL CONFIDENCE GRADING': '3) Uncertain significance', 'WHO HGVS': 'rpoB_p.Leu430Pro'}",rpoB_L430P
site.04.subj.03776.lab.830303.iso.1,S450L,WHO-UCN-GTB-PCI-2023.5,2.0,RFUS,RIF,rpoB,R,"{'Observed_samples': {'Present_SOLO_SR': 8912, 'Present_SOLO_R': 8722, 'Present_SOLO_S': 190}, 'Additional grading criteria applied': None, 'FINAL CONFIDENCE GRADING': '1) Assoc w R', 'INITIAL CONFIDENCE GRADING': '1) Assoc w R', 'WHO HGVS': 'rpoB_p.Ser450Leu'}",rpoB_S450L
site.10.subj.MG03902304.lab.MG03902304.iso.1,L430P,WHO-UCN-GTB-PCI-2023.5,2.0,RFUS,RIF,rpoB,R,"{'Observed_samples': {'Present_SOLO_SR': 208, 'Present_SOLO_R': 53, 'Present_SOLO_S': 155}, 'Additional grading criteria applied': 'Borderline', 'FINAL CONFIDENCE GRADING': '1) Assoc w R', 'INITIAL CONFIDENCE GRADING': '3) Uncertain significance', 'WHO HGVS': 'rpoB_p.Leu430Pro'}",rpoB_L430P
site.08.subj.BTN_P299_17.lab.BTN_P299_17.iso.1,S450L,WHO-UCN-GTB-PCI-2023.5,2.0,RFUS,RIF,rpoB,R,"{'Observed_samples': {'Present_SOLO_SR': 8912, 'Present_SOLO_R': 8722, 'Present_SOLO_S': 190}, 'Additional grading criteria applied': None, 'FINAL CONFIDENCE GRADING': '1) Assoc w R', 'INITIAL CONFIDENCE GRADING': '1) Assoc w R', 'WHO HGVS': 'rpoB_p.Ser450Leu'}",rpoB_S450L
site.03.subj.T5993.lab.IML-00085.iso.2,S450L,WHO-UCN-GTB-PCI-2023.5,2.0,RFUS,RIF,rpoB,R,"{'Observed_samples': {'Present_SOLO_SR': 8912, 'Present_SOLO_R': 8722, 'Present_SOLO_S': 190}, 'Additional grading criteria applied': None, 'FINAL CONFIDENCE GRADING': '1) Assoc w R', 'INITIAL CONFIDENCE GRADING': '1) Assoc w R', 'WHO HGVS': 'rpoB_p.Ser450Leu'}",rpoB_S450L
site.02.subj.0530.lab.241139-14.iso.1,L452P,WHO-UCN-GTB-PCI-2023.5,2.0,RFUS,RIF,rpoB,R,"{'Observed_samples': {'Present_SOLO_SR': 259, 'Present_SOLO_R': 168, 'Present_SOLO_S': 91}, 'Additional grading criteria applied': None, 'FINAL CONFIDENCE GRADING': '1) Assoc w R', 'INITIAL CONFIDENCE GRADING': '1) Assoc w R', 'WHO HGVS': 'rpoB_p.Leu452Pro'}",rpoB_L452P
site.10.subj.YA00086453.lab.YA00086453.iso.1,L452P,WHO-UCN-GTB-PCI-2023.5,2.0,RFUS,RIF,rpoB,R,"{'Observed_samples': {'Present_SOLO_SR': 259, 'Present_SOLO_R': 168, 'Present_SOLO_S': 91}, 'Additional grading criteria applied': None, 'FINAL CONFIDENCE GRADING': '1) Assoc w R', 'INITIAL CONFIDENCE GRADING': '1) Assoc w R', 'WHO HGVS': 'rpoB_p.Leu452Pro'}",rpoB_L452P
site.05.subj.LR-2385.lab.FN-00460-17.iso.1,S450L,WHO-UCN-GTB-PCI-2023.5,2.0,RFUS,RIF,rpoB,R,"{'Observed_samples': {'Present_SOLO_SR': 8912, 'Present_SOLO_R': 8722, 'Present_SOLO_S': 190}, 'Additional grading criteria applied': None, 'FINAL CONFIDENCE GRADING': '1) Assoc w R', 'INITIAL CONFIDENCE GRADING': '1) Assoc w R', 'WHO HGVS': 'rpoB_p.Ser450Leu'}",rpoB_S450L
site.05.subj.LS-1688.lab.MA-01874-19.iso.1,H445C,WHO-UCN-GTB-PCI-2023.5,2.0,RFUS,RIF,rpoB,R,"{'Observed_samples': {'Present_SOLO_SR': 71, 'Present_SOLO_R': 65, 'Present_SOLO_S': 6}, 'Additional grading criteria applied': None, 'FINAL CONFIDENCE GRADING': '1) Assoc w R', 'INITIAL CONFIDENCE GRADING': '1) Assoc w R', 'WHO HGVS': 'rpoB_p.His445Cys'}",rpoB_H445C
site.10.subj.YA00025832.lab.YA00025832.iso.1,S450L,WHO-UCN-GTB-PCI-2023.5,2.0,RFUS,RIF,rpoB,R,"{'Observed_samples': {'Present_SOLO_SR': 8912, 'Present_SOLO_R': 8722, 'Present_SOLO_S': 190}, 'Additional grading criteria applied': None, 'FINAL CONFIDENCE GRADING': '1) Assoc w R', 'INITIAL CONFIDENCE GRADING': '1) Assoc w R', 'WHO HGVS': 'rpoB_p.Ser450Leu'}",rpoB_S450L
site.04.subj.04848.lab.906904.iso.1,S450L,WHO-UCN-GTB-PCI-2023.5,2.0,RFUS,RIF,rpoB,R,"{'Observed_samples': {'Present_SOLO_SR': 8912, 'Present_SOLO_R': 8722, 'Present_SOLO_S': 190}, 'Additional grading criteria applied': None, 'FINAL CONFIDENCE GRADING': '1) Assoc w R', 'INITIAL CONFIDENCE GRADING': '1) Assoc w R', 'WHO HGVS': 'rpoB_p.Ser450Leu'}",rpoB_S450L
site.ENA.subj.SAMEA1016096.lab.1.iso.1,L430P,WHO-UCN-GTB-PCI-2023.5,2.0,RFUS,RIF,rpoB,R,"{'Observed_samples': {'Present_SOLO_SR': 208, 'Present_SOLO_R': 53, 'Present_SOLO_S': 155}, 'Additional grading criteria applied': 'Borderline', 'FINAL CONFIDENCE GRADING': '1) Assoc w R', 'INITIAL CONFIDENCE GRADING': '3) Uncertain significance', 'WHO HGVS': 'rpoB_p.Leu430Pro'}",rpoB_L430P
site.05.subj.LR-2257.lab.FN-00609-17.iso.1,S450L,WHO-UCN-GTB-PCI-2023.5,2.0,RFUS,RIF,rpoB,R,"{'Observed_samples': {'Present_SOLO_SR': 8912, 'Present_SOLO_R': 8722, 'Present_SOLO_S': 190}, 'Additional grading criteria applied': None, 'FINAL CONFIDENCE GRADING': '1) Assoc w R', 'INITIAL CONFIDENCE GRADING': '1) Assoc w R', 'WHO HGVS': 'rpoB_p.Ser450Leu'}",rpoB_S450L
site.ENA.subj.SAMN07978245.lab.1.iso.1,S450L,WHO-UCN-GTB-PCI-2023.5,2.0,RFUS,RIF,rpoB,R,"{'Observed_samples': {'Present_SOLO_SR': 8912, 'Present_SOLO_R': 8722, 'Present_SOLO_S': 190}, 'Additional grading criteria applied': None, 'FINAL CONFIDENCE GRADING': '1) Assoc w R', 'INITIAL CONFIDENCE GRADING': '1) Assoc w R', 'WHO HGVS': 'rpoB_p.Ser450Leu'}",rpoB_S450L
site.07.subj.FD_127_3789.lab.14_0605673.iso.1,H445Y,WHO-UCN-GTB-PCI-2023.5,2.0,RFUS,RIF,rpoB,R,"{'Observed_samples': {'Present_SOLO_SR': 484, 'Present_SOLO_R': 477, 'Present_SOLO_S': 7}, 'Additional grading criteria applied': None, 'FINAL CONFIDENCE GRADING': '1) Assoc w R', 'INITIAL CONFIDENCE GRADING': '1) Assoc w R', 'WHO HGVS': 'rpoB_p.His445Tyr'}",rpoB_H445Y
site.04.subj.03993.lab.830698.iso.1,S450L,WHO-UCN-GTB-PCI-2023.5,2.0,RFUS,RIF,rpoB,R,"{'Observed_samples': {'Present_SOLO_SR': 8912, 'Present_SOLO_R': 8722, 'Present_SOLO_S': 190}, 'Additional grading criteria applied': None, 'FINAL CONFIDENCE GRADING': '1) Assoc w R', 'INITIAL CONFIDENCE GRADING': '1) Assoc w R', 'WHO HGVS': 'rpoB_p.Ser450Leu'}",rpoB_S450L
site.08.subj.28TB-D18-001.lab.2850.iso.1,S450L,WHO-UCN-GTB-PCI-2023.5,2.0,RFUS,RIF,rpoB,R,"{'Observed_samples': {'Present_SOLO_SR': 8912, 'Present_SOLO_R': 8722, 'Present_SOLO_S': 190}, 'Additional grading criteria applied': None, 'FINAL CONFIDENCE GRADING': '1) Assoc w R', 'INITIAL CONFIDENCE GRADING': '1) Assoc w R', 'WHO HGVS': 'rpoB_p.Ser450Leu'}",rpoB_S450L
site.03.subj.11409-95_LIB8605.lab.11409-95_LIB8605.iso.1,S450L,WHO-UCN-GTB-PCI-2023.5,2.0,RFUS,RIF,rpoB,R,"{'Observed_samples': {'Present_SOLO_SR': 8912, 'Present_SOLO_R': 8722, 'Present_SOLO_S': 190}, 'Additional grading criteria applied': None, 'FINAL CONFIDENCE GRADING': '1) Assoc w R', 'INITIAL CONFIDENCE GRADING': '1) Assoc w R', 'WHO HGVS': 'rpoB_p.Ser450Leu'}",rpoB_S450L
site.08.subj.02TB0380.lab.18336.iso.1,H445Y,WHO-UCN-GTB-PCI-2023.5,2.0,RFUS,RIF,rpoB,R,"{'Observed_samples': {'Present_SOLO_SR': 484, 'Present_SOLO_R': 477, 'Present_SOLO_S': 7}, 'Additional grading criteria applied': None, 'FINAL CONFIDENCE GRADING': '1) Assoc w R', 'INITIAL CONFIDENCE GRADING': '1) Assoc w R', 'WHO HGVS': 'rpoB_p.His445Tyr'}",rpoB_H445Y
site.03.subj.7270-02_LIB9187.lab.7270-02_LIB9187.iso.1,S450L,WHO-UCN-GTB-PCI-2023.5,2.0,RFUS,RIF,rpoB,R,"{'Observed_samples': {'Present_SOLO_SR': 8912, 'Present_SOLO_R': 8722, 'Present_SOLO_S': 190}, 'Additional grading criteria applied': None, 'FINAL CONFIDENCE GRADING': '1) Assoc w R', 'INITIAL CONFIDENCE GRADING': '1) Assoc w R', 'WHO HGVS': 'rpoB_p.Ser450Leu'}",rpoB_S450L
site.03.subj.GAGI23091956.lab.NOR-127_LIB19836.iso.1,S450L,WHO-UCN-GTB-PCI-2023.5,2.0,RFUS,RIF,rpoB,R,"{'Observed_samples': {'Present_SOLO_SR': 8912, 'Present_SOLO_R': 8722, 'Present_SOLO_S': 190}, 'Additional grading criteria applied': None, 'FINAL CONFIDENCE GRADING': '1) Assoc w R', 'INITIAL CONFIDENCE GRADING': '1) Assoc w R', 'WHO HGVS': 'rpoB_p.Ser450Leu'}",rpoB_S450L
site.00.subj.1473471.lab.H142100097.iso.1,S450L,WHO-UCN-GTB-PCI-2023.5,2.0,RFUS,RIF,rpoB,R,"{'Observed_samples': {'Present_SOLO_SR': 8912, 'Present_SOLO_R': 8722, 'Present_SOLO_S': 190}, 'Additional grading criteria applied': None, 'FINAL CONFIDENCE GRADING': '1) Assoc w R', 'INITIAL CONFIDENCE GRADING': '1) Assoc w R', 'WHO HGVS': 'rpoB_p.Ser450Leu'}",rpoB_S450L
site.05.subj.LS-1033.lab.MA-02068-18.iso.1,D435V,WHO-UCN-GTB-PCI-2023.5,2.0,RFUS,RIF,rpoB,R,"{'Observed_samples': {'Present_SOLO_SR': 1096, 'Present_SOLO_R': 1083, 'Present_SOLO_S': 13}, 'Additional grading criteria applied': None, 'FINAL CONFIDENCE GRADING': '1) Assoc w R', 'INITIAL CONFIDENCE GRADING': '1) Assoc w R', 'WHO HGVS': 'rpoB_p.Asp435Val'}",rpoB_D435V
site.04.subj.03457.lab.825198.iso.1,S450L,WHO-UCN-GTB-PCI-2023.5,2.0,RFUS,RIF,rpoB,R,"{'Observed_samples': {'Present_SOLO_SR': 8912, 'Present_SOLO_R': 8722, 'Present_SOLO_S': 190}, 'Additional grading criteria applied': None, 'FINAL CONFIDENCE GRADING': '1) Assoc w R', 'INITIAL CONFIDENCE GRADING': '1) Assoc w R', 'WHO HGVS': 'rpoB_p.Ser450Leu'}",rpoB_S450L
site.ENA.subj.SAMEA1707402.lab.1.iso.1,S450L,WHO-UCN-GTB-PCI-2023.5,2.0,RFUS,RIF,rpoB,R,"{'Observed_samples': {'Present_SOLO_SR': 8912, 'Present_SOLO_R': 8722, 'Present_SOLO_S': 190}, 'Additional grading criteria applied': None, 'FINAL CONFIDENCE GRADING': '1) Assoc w R', 'INITIAL CONFIDENCE GRADING': '1) Assoc w R', 'WHO HGVS': 'rpoB_p.Ser450Leu'}",rpoB_S450L
site.07.subj.106F8637-1A3D-4BFC-BE5F-9040A87A5854.lab.106F8637-1A3D-4BFC-BE5F-9040A87A5854.iso.1,H445D,WHO-UCN-GTB-PCI-2023.5,2.0,RFUS,RIF,rpoB,R,"{'Observed_samples': {'Present_SOLO_SR': 574, 'Present_SOLO_R': 565, 'Present_SOLO_S': 9}, 'Additional grading criteria applied': None, 'FINAL CONFIDENCE GRADING': '1) Assoc w R', 'INITIAL CONFIDENCE GRADING': '1) Assoc w R', 'WHO HGVS': 'rpoB_p.His445Asp'}",rpoB_H445D
site.00.subj.NETHERLANDS_NLA000301359.lab.NLA000301359.iso.1,H445Y,WHO-UCN-GTB-PCI-2023.5,2.0,RFUS,RIF,rpoB,R,"{'Observed_samples': {'Present_SOLO_SR': 484, 'Present_SOLO_R': 477, 'Present_SOLO_S': 7}, 'Additional grading criteria applied': None, 'FINAL CONFIDENCE GRADING': '1) Assoc w R', 'INITIAL CONFIDENCE GRADING': '1) Assoc w R', 'WHO HGVS': 'rpoB_p.His445Tyr'}",rpoB_H445Y
site.05.subj.LR-2583.lab.FN-00401-18.iso.1,S450L,WHO-UCN-GTB-PCI-2023.5,2.0,RFUS,RIF,rpoB,R,"{'Observed_samples': {'Present_SOLO_SR': 8912, 'Present_SOLO_R': 8722, 'Present_SOLO_S': 190}, 'Additional grading criteria applied': None, 'FINAL CONFIDENCE GRADING': '1) Assoc w R', 'INITIAL CONFIDENCE GRADING': '1) Assoc w R', 'WHO HGVS': 'rpoB_p.Ser450Leu'}",rpoB_S450L
site.05.subj.LS-1033.lab.MA-02068-18.iso.2,D435V,WHO-UCN-GTB-PCI-2023.5,2.0,RFUS,RIF,rpoB,R,"{'Observed_samples': {'Present_SOLO_SR': 1096, 'Present_SOLO_R': 1083, 'Present_SOLO_S': 13}, 'Additional grading criteria applied': None, 'FINAL CONFIDENCE GRADING': '1) Assoc w R', 'INITIAL CONFIDENCE GRADING': '1) Assoc w R', 'WHO HGVS': 'rpoB_p.Asp435Val'}",rpoB_D435V
site.04.subj.00346.lab.630466.iso.1,L452P,WHO-UCN-GTB-PCI-2023.5,2.0,RFUS,RIF,rpoB,R,"{'Observed_samples': {'Present_SOLO_SR': 259, 'Present_SOLO_R': 168, 'Present_SOLO_S': 91}, 'Additional grading criteria applied': None, 'FINAL CONFIDENCE GRADING': '1) Assoc w R', 'INITIAL CONFIDENCE GRADING': '1) Assoc w R', 'WHO HGVS': 'rpoB_p.Leu452Pro'}",rpoB_L452P
site.05.subj.LR-2330.lab.FN-01288-18.iso.1,D435V,WHO-UCN-GTB-PCI-2023.5,2.0,RFUS,RIF,rpoB,R,"{'Observed_samples': {'Present_SOLO_SR': 1096, 'Present_SOLO_R': 1083, 'Present_SOLO_S': 13}, 'Additional grading criteria applied': None, 'FINAL CONFIDENCE GRADING': '1) Assoc w R', 'INITIAL CONFIDENCE GRADING': '1) Assoc w R', 'WHO HGVS': 'rpoB_p.Asp435Val'}",rpoB_D435V
site.10.subj.BG00791366.lab.BG00791366.iso.1,S450L,WHO-UCN-GTB-PCI-2023.5,2.0,RFUS,RIF,rpoB,R,"{'Observed_samples': {'Present_SOLO_SR': 8912, 'Present_SOLO_R': 8722, 'Present_SOLO_S': 190}, 'Additional grading criteria applied': None, 'FINAL CONFIDENCE GRADING': '1) Assoc w R', 'INITIAL CONFIDENCE GRADING': '1) Assoc w R', 'WHO HGVS': 'rpoB_p.Ser450Leu'}",rpoB_S450L
site.03.subj.T3908.lab.IML-00054.iso.1,H445Y,WHO-UCN-GTB-PCI-2023.5,2.0,RFUS,RIF,rpoB,R,"{'Observed_samples': {'Present_SOLO_SR': 484, 'Present_SOLO_R': 477, 'Present_SOLO_S': 7}, 'Additional grading criteria applied': None, 'FINAL CONFIDENCE GRADING': '1) Assoc w R', 'INITIAL CONFIDENCE GRADING': '1) Assoc w R', 'WHO HGVS': 'rpoB_p.His445Tyr'}",rpoB_H445Y
site.04.subj.04213.lab.831966.iso.1,H445L,WHO-UCN-GTB-PCI-2023.5,2.0,RFUS,RIF,rpoB,R,"{'Observed_samples': {'Present_SOLO_SR': 210, 'Present_SOLO_R': 192, 'Present_SOLO_S': 18}, 'Additional grading criteria applied': None, 'FINAL CONFIDENCE GRADING': '1) Assoc w R', 'INITIAL CONFIDENCE GRADING': '1) Assoc w R', 'WHO HGVS': 'rpoB_p.His445Leu'}",rpoB_H445L
site.03.subj.10963.lab.IML-00795.iso.1,S441L,WHO-UCN-GTB-PCI-2023.5,2.0,RFUS,RIF,rpoB,R,"{'Observed_samples': {'Present_SOLO_SR': 18, 'Present_SOLO_R': 17, 'Present_SOLO_S': 1}, 'Additional grading criteria applied': None, 'FINAL CONFIDENCE GRADING': '1) Assoc w R', 'INITIAL CONFIDENCE GRADING': '1) Assoc w R', 'WHO HGVS': 'rpoB_p.Ser441Leu'}",rpoB_S441L
site.03.subj.6478-00_LIB10817.lab.6478-00_LIB10817.iso.1,S450L,WHO-UCN-GTB-PCI-2023.5,2.0,RFUS,RIF,rpoB,R,"{'Observed_samples': {'Present_SOLO_SR': 8912, 'Present_SOLO_R': 8722, 'Present_SOLO_S': 190}, 'Additional grading criteria applied': None, 'FINAL CONFIDENCE GRADING': '1) Assoc w R', 'INITIAL CONFIDENCE GRADING': '1) Assoc w R', 'WHO HGVS': 'rpoB_p.Ser450Leu'}",rpoB_S450L
site.04.subj.02947.lab.822027.iso.1,S450L,WHO-UCN-GTB-PCI-2023.5,2.0,RFUS,RIF,rpoB,R,"{'Observed_samples': {'Present_SOLO_SR': 8912, 'Present_SOLO_R': 8722, 'Present_SOLO_S': 190}, 'Additional grading criteria applied': None, 'FINAL CONFIDENCE GRADING': '1) Assoc w R', 'INITIAL CONFIDENCE GRADING': '1) Assoc w R', 'WHO HGVS': 'rpoB_p.Ser450Leu'}",rpoB_S450L
site.10.subj.YA00086407.lab.YA00086407.iso.1,S450L,WHO-UCN-GTB-PCI-2023.5,2.0,RFUS,RIF,rpoB,R,"{'Observed_samples': {'Present_SOLO_SR': 8912, 'Present_SOLO_R': 8722, 'Present_SOLO_S': 190}, 'Additional grading criteria applied': None, 'FINAL CONFIDENCE GRADING': '1) Assoc w R', 'INITIAL CONFIDENCE GRADING': '1) Assoc w R', 'WHO HGVS': 'rpoB_p.Ser450Leu'}",rpoB_S450L
site.04.subj.04695.lab.933663.iso.1,S450L,WHO-UCN-GTB-PCI-2023.5,2.0,RFUS,RIF,rpoB,R,"{'Observed_samples': {'Present_SOLO_SR': 8912, 'Present_SOLO_R': 8722, 'Present_SOLO_S': 190}, 'Additional grading criteria applied': None, 'FINAL CONFIDENCE GRADING': '1) Assoc w R', 'INITIAL CONFIDENCE GRADING': '1) Assoc w R', 'WHO HGVS': 'rpoB_p.Ser450Leu'}",rpoB_S450L
site.08.subj.02TB0187.lab.17747.iso.1,H445Y,WHO-UCN-GTB-PCI-2023.5,2.0,RFUS,RIF,rpoB,R,"{'Observed_samples': {'Present_SOLO_SR': 484, 'Present_SOLO_R': 477, 'Present_SOLO_S': 7}, 'Additional grading criteria applied': None, 'FINAL CONFIDENCE GRADING': '1) Assoc w R', 'INITIAL CONFIDENCE GRADING': '1) Assoc w R', 'WHO HGVS': 'rpoB_p.His445Tyr'}",rpoB_H445Y
site.02.subj.0431.lab.235049-14.iso.1,L430P,WHO-UCN-GTB-PCI-2023.5,2.0,RFUS,RIF,rpoB,R,"{'Observed_samples': {'Present_SOLO_SR': 208, 'Present_SOLO_R': 53, 'Present_SOLO_S': 155}, 'Additional grading criteria applied': 'Borderline', 'FINAL CONFIDENCE GRADING': '1) Assoc w R', 'INITIAL CONFIDENCE GRADING': '3) Uncertain significance', 'WHO HGVS': 'rpoB_p.Leu430Pro'}",rpoB_L430P
site.04.subj.00957.lab.717048.iso.1,S450L,WHO-UCN-GTB-PCI-2023.5,2.0,RFUS,RIF,rpoB,R,"{'Observed_samples': {'Present_SOLO_SR': 8912, 'Present_SOLO_R': 8722, 'Present_SOLO_S': 190}, 'Additional grading criteria applied': None, 'FINAL CONFIDENCE GRADING': '1) Assoc w R', 'INITIAL CONFIDENCE GRADING': '1) Assoc w R', 'WHO HGVS': 'rpoB_p.Ser450Leu'}",rpoB_S450L
site.04.subj.05936.lab.921611.iso.1,S450L,WHO-UCN-GTB-PCI-2023.5,2.0,RFUS,RIF,rpoB,R,"{'Observed_samples': {'Present_SOLO_SR': 8912, 'Present_SOLO_R': 8722, 'Present_SOLO_S': 190}, 'Additional grading criteria applied': None, 'FINAL CONFIDENCE GRADING': '1) Assoc w R', 'INITIAL CONFIDENCE GRADING': '1) Assoc w R', 'WHO HGVS': 'rpoB_p.Ser450Leu'}",rpoB_S450L
site.04.subj.03107.lab.822557.iso.1,S450L,WHO-UCN-GTB-PCI-2023.5,2.0,RFUS,RIF,rpoB,R,"{'Observed_samples': {'Present_SOLO_SR': 8912, 'Present_SOLO_R': 8722, 'Present_SOLO_S': 190}, 'Additional grading criteria applied': None, 'FINAL CONFIDENCE GRADING': '1) Assoc w R', 'INITIAL CONFIDENCE GRADING': '1) Assoc w R', 'WHO HGVS': 'rpoB_p.Ser450Leu'}",rpoB_S450L
site.35.subj.201.lab.IMRL_NGS_234.iso.1,H445Y,WHO-UCN-GTB-PCI-2023.5,2.0,RFUS,RIF,rpoB,R,"{'Observed_samples': {'Present_SOLO_SR': 484, 'Present_SOLO_R': 477, 'Present_SOLO_S': 7}, 'Additional grading criteria applied': None, 'FINAL CONFIDENCE GRADING': '1) Assoc w R', 'INITIAL CONFIDENCE GRADING': '1) Assoc w R', 'WHO HGVS': 'rpoB_p.His445Tyr'}",rpoB_H445Y
site.06.subj.RLH_0278-14.lab.06MIL0210.iso.1,S450L,WHO-UCN-GTB-PCI-2023.5,2.0,RFUS,RIF,rpoB,R,"{'Observed_samples': {'Present_SOLO_SR': 8912, 'Present_SOLO_R': 8722, 'Present_SOLO_S': 190}, 'Additional grading criteria applied': None, 'FINAL CONFIDENCE GRADING': '1) Assoc w R', 'INITIAL CONFIDENCE GRADING': '1) Assoc w R', 'WHO HGVS': 'rpoB_p.Ser450Leu'}",rpoB_S450L
site.07.subj.FD_127_3127.lab.12_0610841.iso.1,T444I,WHO-UCN-GTB-PCI-2023.5,2.0,RFUS,RIF,rpoB,R,"{'Observed_samples': {'Present_SOLO_SR': 0, 'Present_SOLO_R': 0, 'Present_SOLO_S': 0}, 'Additional grading criteria applied': 'RRDR', 'FINAL CONFIDENCE GRADING': '2) Assoc w R - Interim', 'INITIAL CONFIDENCE GRADING': '3) Uncertain significance', 'WHO HGVS': 'rpoB_p.Thr444Ile'}",rpoB_T444I
site.03.subj.3315-99_LIB10292.lab.3315-99_LIB10292.iso.1,H445Y,WHO-UCN-GTB-PCI-2023.5,2.0,RFUS,RIF,rpoB,R,"{'Observed_samples': {'Present_SOLO_SR': 484, 'Present_SOLO_R': 477, 'Present_SOLO_S': 7}, 'Additional grading criteria applied': None, 'FINAL CONFIDENCE GRADING': '1) Assoc w R', 'INITIAL CONFIDENCE GRADING': '1) Assoc w R', 'WHO HGVS': 'rpoB_p.His445Tyr'}",rpoB_H445Y
site.08.subj.02TB0851.lab.18810.iso.1,S450L,WHO-UCN-GTB-PCI-2023.5,2.0,RFUS,RIF,rpoB,R,"{'Observed_samples': {'Present_SOLO_SR': 8912, 'Present_SOLO_R': 8722, 'Present_SOLO_S': 190}, 'Additional grading criteria applied': None, 'FINAL CONFIDENCE GRADING': '1) Assoc w R', 'INITIAL CONFIDENCE GRADING': '1) Assoc w R', 'WHO HGVS': 'rpoB_p.Ser450Leu'}",rpoB_S450L
site.04.subj.06726.lab.932834.iso.1,S450L,WHO-UCN-GTB-PCI-2023.5,2.0,RFUS,RIF,rpoB,R,"{'Observed_samples': {'Present_SOLO_SR': 8912, 'Present_SOLO_R': 8722, 'Present_SOLO_S': 190}, 'Additional grading criteria applied': None, 'FINAL CONFIDENCE GRADING': '1) Assoc w R', 'INITIAL CONFIDENCE GRADING': '1) Assoc w R', 'WHO HGVS': 'rpoB_p.Ser450Leu'}",rpoB_S450L
site.10.subj.UH01324061.lab.UH01324061.iso.1,S441M,WHO-UCN-GTB-PCI-2023.5,2.0,RFUS,RIF,rpoB,R,"{'Observed_samples': {'Present_SOLO_SR': 5, 'Present_SOLO_R': 5, 'Present_SOLO_S': 0}, 'Additional grading criteria applied': 'RRDR', 'FINAL CONFIDENCE GRADING': '2) Assoc w R - Interim', 'INITIAL CONFIDENCE GRADING': '3) Uncertain significance', 'WHO HGVS': 'rpoB_p.Ser441Met'}",rpoB_S441M
site.04.subj.06221.lab.943340.iso.1,S450L,WHO-UCN-GTB-PCI-2023.5,2.0,RFUS,RIF,rpoB,R,"{'Observed_samples': {'Present_SOLO_SR': 8912, 'Present_SOLO_R': 8722, 'Present_SOLO_S': 190}, 'Additional grading criteria applied': None, 'FINAL CONFIDENCE GRADING': '1) Assoc w R', 'INITIAL CONFIDENCE GRADING': '1) Assoc w R', 'WHO HGVS': 'rpoB_p.Ser450Leu'}",rpoB_S450L
site.04.subj.05164.lab.928554.iso.1,S450L,WHO-UCN-GTB-PCI-2023.5,2.0,RFUS,RIF,rpoB,R,"{'Observed_samples': {'Present_SOLO_SR': 8912, 'Present_SOLO_R': 8722, 'Present_SOLO_S': 190}, 'Additional grading criteria applied': None, 'FINAL CONFIDENCE GRADING': '1) Assoc w R', 'INITIAL CONFIDENCE GRADING': '1) Assoc w R', 'WHO HGVS': 'rpoB_p.Ser450Leu'}",rpoB_S450L
site.08.subj.28TB-D19-008.lab.2993.iso.1,H445C,WHO-UCN-GTB-PCI-2023.5,2.0,RFUS,RIF,rpoB,R,"{'Observed_samples': {'Present_SOLO_SR': 71, 'Present_SOLO_R': 65, 'Present_SOLO_S': 6}, 'Additional grading criteria applied': None, 'FINAL CONFIDENCE GRADING': '1) Assoc w R', 'INITIAL CONFIDENCE GRADING': '1) Assoc w R', 'WHO HGVS': 'rpoB_p.His445Cys'}",rpoB_H445C
site.05.subj.LR-2178.lab.FN-00683-16.iso.1,Q432P,WHO-UCN-GTB-PCI-2023.5,2.0,RFUS,RIF,rpoB,R,"{'Observed_samples': {'Present_SOLO_SR': 52, 'Present_SOLO_R': 51, 'Present_SOLO_S': 1}, 'Additional grading criteria applied': None, 'FINAL CONFIDENCE GRADING': '1) Assoc w R', 'INITIAL CONFIDENCE GRADING': '1) Assoc w R', 'WHO HGVS': 'rpoB_p.Gln432Pro'}",rpoB_Q432P
site.07.subj.BI10KTB_2.lab.12_0611800.iso.1,S450L,WHO-UCN-GTB-PCI-2023.5,2.0,RFUS,RIF,rpoB,R,"{'Observed_samples': {'Present_SOLO_SR': 8912, 'Present_SOLO_R': 8722, 'Present_SOLO_S': 190}, 'Additional grading criteria applied': None, 'FINAL CONFIDENCE GRADING': '1) Assoc w R', 'INITIAL CONFIDENCE GRADING': '1) Assoc w R', 'WHO HGVS': 'rpoB_p.Ser450Leu'}",rpoB_S450L
site.10.subj.TD02566481.lab.TD02566481.iso.1,L452P,WHO-UCN-GTB-PCI-2023.5,2.0,RFUS,RIF,rpoB,R,"{'Observed_samples': {'Present_SOLO_SR': 259, 'Present_SOLO_R': 168, 'Present_SOLO_S': 91}, 'Additional grading criteria applied': None, 'FINAL CONFIDENCE GRADING': '1) Assoc w R', 'INITIAL CONFIDENCE GRADING': '1) Assoc w R', 'WHO HGVS': 'rpoB_p.Leu452Pro'}",rpoB_L452P
site.04.subj.03688.lab.JJH10305.iso.1,S450L,WHO-UCN-GTB-PCI-2023.5,2.0,RFUS,RIF,rpoB,R,"{'Observed_samples': {'Present_SOLO_SR': 8912, 'Present_SOLO_R': 8722, 'Present_SOLO_S': 190}, 'Additional grading criteria applied': None, 'FINAL CONFIDENCE GRADING': '1) Assoc w R', 'INITIAL CONFIDENCE GRADING': '1) Assoc w R', 'WHO HGVS': 'rpoB_p.Ser450Leu'}",rpoB_S450L
site.03.subj.6794-02_LIB9201.lab.6794-02_LIB9201.iso.1,L430P,WHO-UCN-GTB-PCI-2023.5,2.0,RFUS,RIF,rpoB,R,"{'Observed_samples': {'Present_SOLO_SR': 208, 'Present_SOLO_R': 53, 'Present_SOLO_S': 155}, 'Additional grading criteria applied': 'Borderline', 'FINAL CONFIDENCE GRADING': '1) Assoc w R', 'INITIAL CONFIDENCE GRADING': '3) Uncertain significance', 'WHO HGVS': 'rpoB_p.Leu430Pro'}",rpoB_L430P
