resistance,putative CM,other,frequency,log10,literature evidence,homoplasy
rpoB_S450L,rpoC_E1092D,2012,1989,inf,False,False
rpoB_S450L,rpoC_V483G,37,1206,inf,True,True
rpoB_S450L,rpoC_I491V,19,665,inf,True,True
rpoB_S450L,rpoC_V483A,33,586,inf,True,True
rpoB_S450L,rpoC_I491T,10,457,293.05507410063996,True,True
rpoB_S450L,rpoC_P1040R,32,396,225.09308224541687,True,True
rpoB_S450L,rpoC_F452S,2,345,230.57521645648967,True,True
rpoB_S450L,rpoB_E761D,0,304,207.04789259757118,False,False
rpoB_S450L,rpoB_L731P,1,226,151.44257155621872,True,True
rpoB_S450L,rpoC_N698S,2,205,135.2338422382452,True,True
rpoB_S450L,rpoC_D485Y,8,194,118.88508099387131,True,True
rpoB_S450L,rpoC_V517L,1,184,122.86965548497807,True,True
rpoB_S450L,rpoC_G332S,16,179,100.19278464976675,False,True
rpoB_S450L,rpoC_V1252L,3,175,113.23653848704056,True,True
rpoB_S450L,rpoA_T187A,3,171,110.53992854482463,True,True
rpoB_S450L,rpoC_D485N,2,166,108.82076469911756,True,True
rpoB_S450L,rpoC_L516P,3,144,92.36850292195642,True,True
rpoB_S450L,rpoC_G433S,3,141,90.35308258469267,True,True
rpoB_S450L,rpoB_R827C,8,123,72.05670955548656,False,True
rpoB_S450L,rpoC_P1040S,3,118,74.9301475715591,False,True
rpoB_S450L,rpoC_L527V,3,113,71.58487880110692,True,True
rpoB_S450L,rpoC_G332R,5,113,68.94735086338063,True,True
rpoB_S450L,rpoC_P1040A,1,110,72.70183475730646,True,True
rpoB_L452P,rpoB_I1106T,3,103,212.49199913159032,False,False
rpoB_D435G,rpoB_I1106T,3,103,263.7042068602398,False,False
rpoB_S450L,rpoC_K445R,0,98,66.48825338328773,False,True
rpoB_S450L,rpoC_F452L,3,96,60.23551247110713,True,True
rpoB_S450L,rpoC_L547V,2,80,50.93774571301219,False,False
rpoB_S450L,rpoC_W484G,11,80,41.688865495006105,True,True
rpoB_S450L,rpoB_A692T,16,79,37.445343368138005,False,False
rpoB_S450L,rpoB_I480V,3,78,48.27003424366396,True,True
rpoB_S450L,rpoA_V183G,10,77,40.62332327340655,True,True
rpoB_S450L,rpoB_K891E,0,74,50.18292264297551,False,True
rpoB_S450L,rpoC_N416S,3,72,44.29672219090647,True,True
rpoB_S450L,rpoB_Q409R,14,69,32.770860309079865,False,True
rpoB_S450L,rpoC_V1039A,1,68,44.37042495804169,False,True
rpoB_S450L,rpoB_P45S,5,65,37.490968289603266,True,True
rpoB_S450L,rpoB_Q975H,17,65,28.567693716722967,False,False
rpoB_S450L,rpoC_A521D,2,65,40.9282867176771,True,True
rpoB_S450L,rpoC_L507V,1,64,41.680759707445866,True,True
rpoB_S450L,rpoC_N826T,0,64,43.39334916205749,False,False
rpoB_S450L,rpoC_V431M,4,62,36.579062186488564,True,True
rpoB_S450L,rpoB_V496A,0,60,40.67822956087509,False,False
rpoB_S450L,rpoB_I488V,2,59,36.93747520451958,False,True
rpoB_S450L,rpoC_V1252M,2,59,36.93747520451958,True,True
rpoB_S450L,rpoB_A286V,4,56,32.675892520654706,True,True
rpoB_S450L,rpoC_T812I,3,51,30.476048787249507,True,True
rpoB_S450L,rpoC_K1152Q,0,51,34.57069240025642,False,False
rpoB_S450L,rpoB_R827L,0,50,33.89220376918131,True,True
rpoB_S450L,rpoC_L449V,0,50,33.89220376918131,True,True
rpoB_S450L,rpoC_N698K,4,48,27.502123898527042,True,True
rpoB_S450L,rpoC_F452C,1,48,30.944959539474013,True,True
rpoB_S450L,rpoA_A180V,0,48,32.53530244521918,False,True
rpoB_I491F,rpoC_E1033A,25,46,95.59939468657365,False,True
rpoB_S450L,rpoA_D190G,0,46,31.17850235727872,True,True
rpoB_S450L,rpoA_G31S,0,44,29.821803487266287,True,True
rpoB_S450L,rpoC_P434R,3,44,25.910862899724307,True,True
rpoB_S450L,rpoA_E184D,0,40,27.108709328714163,False,True
rpoB_H445R,rpoC_S561P,2,39,98.27183238150795,True,True
rpoB_V170F,rpoB_V168A,2,25,64.9827452411389,False,False
rpoB_L452P,rpoB_H1028R,1,23,46.468449179343835,False,False
rpoB_S450W,rpoA_P25R,1,20,45.51932308973225,False,False
rpoB_H445D,rpoC_G388A,1,17,32.32945320453461,True,True
rpoB_D435G,rpoB_I491L,18,17,32.89084699469317,False,True
rpoB_D435Y,rpoB_R167C,1,15,29.718602074584428,False,False
rpoB_S450W,sigA_A223T,0,15,35.07441699485774,False,False
rpoB_H445Y,rpoB_E207K,0,15,29.047955435720215,False,False
rpoB_V170F,rpoC_G571R,11,14,30.91441509263693,True,False
rpoB_S441A,rpoC_L405M,28,12,36.04529862550735,False,False
rpoB_S441A,rpoB_L464M,3,11,39.11875469539999,False,False
rpoB_Q432P,rpoC_T853A,3,10,28.715938211141335,False,False
rpoB_Q432K,rpoZ_T107I,1,10,30.13037449063613,False,False
rpoB_S441A,sigA_E385Q,14,9,27.769305681989096,False,False
rpoB_S441A,sigA_G380A,3,9,31.338740895161862,False,False
rpoB_S441A,sigA_I382V,3,9,31.338740895161862,False,False
rpoB_S441A,sigA_L386M,4,9,30.826899817744124,False,False
rpoB_S441A,rpoB_E460D,5,8,26.663788555997723,False,False
rpoB_S441A,rpoC_I128V,3,8,27.555787704093667,False,False
rpoB_S441A,rpoB_R791T,0,7,25.916366025002077,False,False
